timestamp,elapsed_s,power_dBm
2026-08-18 15:43:58.407427,0.02225669999825186,-0.941099
2026-08-18 15:43:59.388480,1.0033098999992944,-0.937725
2026-08-18 15:44:00.387089,2.0019195999993826,-0.937046
2026-08-18 15:44:01.388166,3.002995599999849,-0.94409
2026-08-18 15:44:02.387091,4.0019208999983675,-0.946229
2026-08-18 15:44:03.387492,5.002316499998415,-0.944365
2026-08-18 15:44:04.387091,6.001921699997183,-0.94553
2026-08-18 15:44:05.387530,7.002360499998758,-0.947313
2026-08-18 15:44:06.387072,8.001903199998196,-0.942961
2026-08-18 15:44:07.388416,9.00324659999751,-0.945359
2026-08-18 15:44:08.387130,10.001961399997526,-0.94937
2026-08-18 15:44:09.387498,11.002328699996724,-0.945083
2026-08-18 15:44:10.387535,12.00236539999969,-0.952003
2026-08-18 15:44:11.387135,13.001966099996935,-0.945886
2026-08-18 15:44:12.387121,14.001951399997779,-0.950936
2026-08-18 15:44:13.387064,15.001895299999887,-0.951101
2026-08-18 15:44:14.387483,16.002313899996807,-0.948765
2026-08-18 15:44:15.387144,17.001974699996936,-0.945359
2026-08-18 15:44:16.388213,18.003044899996894,-0.948236
2026-08-18 15:44:17.388409,19.00323959999878,-0.952093
2026-08-18 15:44:18.387292,20.00212179999653,-0.946316
2026-08-18 15:44:19.387376,21.00220189999891,-0.953151
2026-08-18 15:44:20.387524,22.00235469999825,-0.939402
2026-08-18 15:44:21.387175,23.0020016999988,-0.944427
2026-08-18 15:44:22.387110,24.0019407999971,-0.942732
2026-08-18 15:44:23.387083,25.00191409999752,-0.941535
2026-08-18 15:44:24.388095,26.002924799999164,-0.946386
2026-08-18 15:44:25.387147,27.001977199997782,-0.938042
2026-08-18 15:44:26.387094,28.00192539999989,-0.942392
2026-08-18 15:44:27.387184,29.0020145999988,-0.94152
2026-08-18 15:44:28.387222,30.002051599996776,-0.943433
2026-08-18 15:44:29.388071,31.002902999996877,-0.944624
2026-08-18 15:44:30.387511,32.00234099999943,-0.94718
2026-08-18 15:44:31.387083,33.001912799998536,-0.944793
2026-08-18 15:44:32.387651,34.00247649999801,-0.937814
2026-08-18 15:44:33.388023,35.00285329999679,-0.93863
2026-08-18 15:44:34.387094,36.0019257999993,-0.939264
2026-08-18 15:44:35.388083,37.00291440000001,-0.940311
2026-08-18 15:44:36.387042,38.001872199998616,-0.943362
2026-08-18 15:44:37.387051,39.001882299999124,-0.941557
2026-08-18 15:44:38.387074,40.00190459999794,-0.934076
2026-08-18 15:44:39.388226,41.003055199998926,-0.937739
2026-08-18 15:44:40.387048,42.001879599996755,-0.938044
2026-08-18 15:44:41.387332,43.00216299999738,-0.934668
2026-08-18 15:44:42.388213,44.00304099999994,-0.933038
2026-08-18 15:44:43.387109,45.00193919999947,-0.93541
2026-08-18 15:44:44.387179,46.00200999999652,-0.937917
2026-08-18 15:44:45.388702,47.00352739999653,-0.935066
2026-08-18 15:44:46.387079,48.00190939999811,-0.936253
2026-08-18 15:44:47.387063,49.00189489999684,-0.93895
2026-08-18 15:44:48.387075,50.00190559999828,-0.936346
2026-08-18 15:44:49.387152,51.00198279999677,-0.940591
2026-08-18 15:44:50.387154,52.00198309999905,-0.939158
2026-08-18 15:44:51.387168,53.00199799999973,-0.939024
2026-08-18 15:44:52.387110,54.00194129999727,-0.941931
2026-08-18 15:44:53.388469,55.00329520000014,-0.942714
2026-08-18 15:44:54.388118,56.002947799999674,-0.941446
2026-08-18 15:44:55.388439,57.00326469999709,-0.943058
2026-08-18 15:44:56.387325,58.00215589999789,-0.936048
2026-08-18 15:44:57.387529,59.002360399998,-0.935391
2026-08-18 15:44:58.387573,60.00240320000012,-0.936208
2026-08-18 15:44:59.387107,61.00193769999896,-0.932742
2026-08-18 15:45:00.387070,62.00190159999693,-0.93266
2026-08-18 15:45:01.387269,63.002096999996866,-0.937022
2026-08-18 15:45:02.388102,64.0029332999984,-0.929634
2026-08-18 15:45:03.387134,65.00196359999973,-0.928348
2026-08-18 15:45:04.387079,66.00190929999735,-0.929774
2026-08-18 15:45:05.387139,67.00196999999753,-0.923356
2026-08-18 15:45:06.387154,68.00198369999998,-0.925759
2026-08-18 15:45:07.387215,69.00204129999838,-0.925732
2026-08-18 15:45:08.388323,70.00315369999953,-0.927386
2026-08-18 15:45:09.387110,71.00194089999786,-0.931374
2026-08-18 15:45:10.388458,72.0032855999998,-0.927906
2026-08-18 15:45:11.388253,73.00307909999901,-0.933134
2026-08-18 15:45:12.387103,74.00193279999803,-0.924926
2026-08-18 15:45:13.387036,75.00186749999921,-0.927082
2026-08-18 15:45:14.388346,76.00317679999716,-0.935471
2026-08-18 15:45:15.388099,77.00293019999663,-0.93358
2026-08-18 15:45:16.387036,78.00186779999785,-0.93197
2026-08-18 15:45:17.388111,79.00294159999976,-0.931832
2026-08-18 15:45:18.387039,80.00186979999853,-0.933588
2026-08-18 15:45:19.388453,81.00328429999718,-0.934477
2026-08-18 15:45:20.387254,82.00207989999763,-0.93309
2026-08-18 15:45:21.387006,83.00183749999997,-0.931865
2026-08-18 15:45:22.388188,84.00301509999917,-0.936419
2026-08-18 15:45:23.388300,85.00312639999902,-0.932091
2026-08-18 15:45:24.387136,86.00196609999693,-0.937822
2026-08-18 15:45:25.388268,87.00309310000011,-0.935785
2026-08-18 15:45:26.388394,88.00322379999852,-0.94009
2026-08-18 15:45:27.387137,89.00196479999795,-0.940789
2026-08-18 15:45:28.388545,90.00337099999888,-0.939294
2026-08-18 15:45:29.387022,91.00185299999794,-0.935091
2026-08-18 15:45:30.388478,92.0033033999971,-0.932107
2026-08-18 15:45:31.387092,93.00192279999828,-0.939866
2026-08-18 15:45:32.387128,94.0019590999982,-0.930446
2026-08-18 15:45:33.387046,95.00187719999667,-0.92783
2026-08-18 15:45:34.387034,96.00186529999701,-0.92911
2026-08-18 15:45:35.388175,97.00300569999672,-0.928427
2026-08-18 15:45:36.387050,98.00188100000014,-0.927062
2026-08-18 15:45:37.388585,99.00341179999668,-0.923646
2026-08-18 15:45:38.387561,100.00239059999876,-0.923219
2026-08-18 15:45:39.387068,101.00189989999853,-0.920607
2026-08-18 15:45:40.388517,102.00334799999837,-0.926072
2026-08-18 15:45:41.387113,103.00194209999972,-0.926069
2026-08-18 15:45:42.387280,104.0021104999978,-0.928493
2026-08-18 15:45:43.388004,105.00283449999915,-0.924618
2026-08-18 15:45:44.387038,106.00186859999667,-0.921948
2026-08-18 15:45:45.387180,107.00188629999684,-0.928658
2026-08-18 15:45:46.387029,108.00186019999819,-0.931044
2026-08-18 15:45:47.387074,109.00190459999794,-0.928165
2026-08-18 15:45:48.387126,110.00195489999896,-0.929809
2026-08-18 15:45:49.387068,111.0018992999976,-0.930379
2026-08-18 15:45:50.387251,112.00207709999813,-0.931962
2026-08-18 15:45:51.387070,113.00190139999904,-0.929953
2026-08-18 15:45:52.388258,114.00308169999698,-0.932884
2026-08-18 15:45:53.387031,115.00186189999658,-0.936041
2026-08-18 15:45:54.388224,116.00304959999994,-0.936568
2026-08-18 15:45:55.388202,117.00303329999952,-0.932521
2026-08-18 15:45:56.387042,118.00187259999802,-0.933704
2026-08-18 15:45:57.388210,119.00304109999706,-0.93594
2026-08-18 15:45:58.388097,120.0029254000001,-0.935219
2026-08-18 15:45:59.388017,121.0028465999967,-0.932191
2026-08-18 15:46:00.388493,122.00332389999676,-0.937469
2026-08-18 15:46:01.387177,123.00200779999795,-0.933797
2026-08-18 15:46:02.387052,124.00188269999853,-0.934162
2026-08-18 15:46:03.387088,125.00191809999887,-0.930248
2026-08-18 15:46:04.388237,126.00306289999935,-0.933443
2026-08-18 15:46:05.387180,127.00200939999922,-0.935862
2026-08-18 15:46:06.388103,128.0029340000001,-0.925694
2026-08-18 15:46:07.388474,129.00330349999786,-0.927031
2026-08-18 15:46:08.387123,130.0019519999987,-0.928941
2026-08-18 15:46:09.388624,131.00344969999787,-0.925193
2026-08-18 15:46:10.387005,132.00183609999658,-0.924641
2026-08-18 15:46:11.387094,133.0019231999977,-0.924616
2026-08-18 15:46:12.387090,134.0019203999982,-0.920805
2026-08-18 15:46:13.388148,135.00297890000002,-0.921262
2026-08-18 15:46:14.388010,136.00284079999983,-0.922389
2026-08-18 15:46:15.388317,137.0031476999975,-0.92581
2026-08-18 15:46:16.387012,138.0018431999997,-0.922006
2026-08-18 15:46:17.387008,139.00183939999988,-0.924391
2026-08-18 15:46:18.388004,140.0028354999995,-0.925145
2026-08-18 15:46:19.387479,141.00231009999698,-0.924764
2026-08-18 15:46:20.388383,142.0032128999992,-0.924699
2026-08-18 15:46:21.388321,143.00315209999826,-0.927217
2026-08-18 15:46:22.387431,144.00226279999697,-0.924386
2026-08-18 15:46:23.386990,145.00182099999802,-0.927742
2026-08-18 15:46:24.388019,146.0028502999994,-0.929417
2026-08-18 15:46:25.387004,147.00183399999878,-0.931555
2026-08-18 15:46:26.387530,148.0023599999986,-0.930829
2026-08-18 15:46:27.388147,149.00297469999714,-0.93034
2026-08-18 15:46:28.388021,150.0028526999995,-0.928938
2026-08-18 15:46:29.387986,151.0028179999972,-0.932666
2026-08-18 15:46:30.388411,152.00323809999827,-0.929627
2026-08-18 15:46:31.388453,153.00328389999777,-0.931661
2026-08-18 15:46:32.388510,154.00333669999964,-0.93187
2026-08-18 15:46:33.388591,155.00341750000007,-0.931163
2026-08-18 15:46:34.386985,156.0018160999971,-0.934149
2026-08-18 15:46:35.387007,157.0018377999986,-0.935884
2026-08-18 15:46:36.387095,158.00192439999955,-0.934803
2026-08-18 15:46:37.387018,159.00184929999887,-0.936431
2026-08-18 15:46:38.388121,160.00295059999917,-0.934746
2026-08-18 15:46:39.387151,161.0019797999994,-0.934762
2026-08-18 15:46:40.387963,162.00279519999822,-0.939665
2026-08-18 15:46:41.387063,163.00189269999828,-0.937203
2026-08-18 15:46:42.387429,164.00225959999807,-0.938023
2026-08-18 15:46:43.388424,165.00325569999768,-0.94068
2026-08-18 15:46:44.388320,166.003146199997,-0.939098
2026-08-18 15:46:45.387011,167.00184239999726,-0.941565
2026-08-18 15:46:46.388011,168.00284159999865,-0.938942
2026-08-18 15:46:47.387362,169.00219279999874,-0.94285
2026-08-18 15:46:48.388866,170.00369079999655,-0.940287
2026-08-18 15:46:49.386968,171.0017986999992,-0.936534
2026-08-18 15:46:50.388024,172.00285429999713,-0.934804
2026-08-18 15:46:51.387297,173.00212789999932,-0.937924
2026-08-18 15:46:52.388000,174.00283179999678,-0.936587
2026-08-18 15:46:53.388450,175.00328109999828,-0.939605
2026-08-18 15:46:54.387031,176.00186199999735,-0.940684
2026-08-18 15:46:55.388297,177.00312789999953,-0.93997
2026-08-18 15:46:56.388542,178.00336919999972,-0.942572
2026-08-18 15:46:57.386999,179.00182999999743,-0.94337
2026-08-18 15:46:58.388419,180.00324999999793,-0.943924
2026-08-18 15:46:59.387168,181.00199559999965,-0.942097
2026-08-18 15:47:00.388089,182.00291699999798,-0.945262
2026-08-18 15:47:01.386990,183.00182179999683,-0.942987
2026-08-18 15:47:02.387008,184.0018386999982,-0.945109
2026-08-18 15:47:03.386994,185.00182549999954,-0.944314
2026-08-18 15:47:04.387022,186.00185289999717,-0.944626
2026-08-18 15:47:05.388129,187.00295529999858,-0.946628
2026-08-18 15:47:06.387019,188.0018495999975,-0.942093
2026-08-18 15:47:07.388209,189.00303589999749,-0.942092
2026-08-18 15:47:08.388141,190.0029693999968,-0.944774
2026-08-18 15:47:09.388330,191.00316119999843,-0.938642
2026-08-18 15:47:10.388459,192.0032898999998,-0.935043
2026-08-18 15:47:11.388455,193.00328539999828,-0.938028
2026-08-18 15:47:12.388441,194.00327219999963,-0.937936
2026-08-18 15:47:13.388024,195.00285529999746,-0.940842
2026-08-18 15:47:14.387047,196.00187670000014,-0.943858
2026-08-18 15:47:15.387003,197.00183379999726,-0.940694
2026-08-18 15:47:16.386980,198.00181139999768,-0.941812
2026-08-18 15:47:17.387047,199.00187709999955,-0.94137
2026-08-18 15:47:18.388240,200.00307059999977,-0.944358
2026-08-18 15:47:19.388208,201.00303299999723,-0.943013
2026-08-18 15:47:20.386967,202.00179819999903,-0.940598
2026-08-18 15:47:21.388062,203.00289079999857,-0.937023
2026-08-18 15:47:22.388083,204.00291209999705,-0.937117
2026-08-18 15:47:23.387988,205.0028183999966,-0.944573
2026-08-18 15:47:24.387975,206.00280649999695,-0.935309
2026-08-18 15:47:25.388091,207.00291819999984,-0.937797
2026-08-18 15:47:26.386997,208.00182799999675,-0.943029
2026-08-18 15:47:27.388109,209.00293429999874,-0.942134
2026-08-18 15:47:28.388090,210.00291989999823,-0.943805
2026-08-18 15:47:29.386946,211.00177819999953,-0.946146
2026-08-18 15:47:30.386997,212.00182829999903,-0.942062
2026-08-18 15:47:31.386991,213.0018216999997,-0.936306
2026-08-18 15:47:32.387254,214.00207899999805,-0.934811
2026-08-18 15:47:33.388060,215.00289129999874,-0.941318
2026-08-18 15:47:34.388558,216.00338329999795,-0.939149
2026-08-18 15:47:35.387309,217.00213489999805,-0.940084
2026-08-18 15:47:36.386987,218.001817999997,-0.941941
2026-08-18 15:47:37.387009,219.00184009999793,-0.939965
2026-08-18 15:47:38.387490,220.00231659999918,-0.936654
2026-08-18 15:47:39.388677,221.00350239999898,-0.93621
2026-08-18 15:47:40.387389,222.00221949999832,-0.937209
2026-08-18 15:47:41.387155,223.00198159999854,-0.937641
2026-08-18 15:47:42.388203,224.00303089999943,-0.938664
2026-08-18 15:47:43.387090,225.0019199999988,-0.928916
2026-08-18 15:47:44.388398,226.0032289999981,-0.931292
2026-08-18 15:47:45.387003,227.00183409999954,-0.932297
2026-08-18 15:47:46.386983,228.00181289999819,-0.933877
2026-08-18 15:47:47.388175,229.00300149999748,-0.938159
2026-08-18 15:47:48.388041,230.00287129999924,-0.93944
2026-08-18 15:47:49.388082,231.00290979999772,-0.932914
2026-08-18 15:47:50.388387,232.00321819999954,-0.939477
2026-08-18 15:47:51.386937,233.00176849999843,-0.935489
2026-08-18 15:47:52.386983,234.00181319999683,-0.93826
2026-08-18 15:47:53.387004,235.00183499999912,-0.944682
2026-08-18 15:47:54.388186,236.00301189999664,-0.941329
2026-08-18 15:47:55.387986,237.00281689999974,-0.933073
2026-08-18 15:47:56.388331,238.00316149999708,-0.935691
2026-08-18 15:47:57.386998,239.00182869999844,-0.935423
2026-08-18 15:47:58.388496,240.00332459999845,-0.930604
2026-08-18 15:47:59.387162,241.0019887999988,-0.933187
2026-08-18 15:48:00.387030,242.00186079999912,-0.933322
2026-08-18 15:48:01.387410,243.00223959999857,-0.92927
2026-08-18 15:48:02.387943,244.00277299999652,-0.927513
2026-08-18 15:48:03.387100,245.0019304999987,-0.925927
2026-08-18 15:48:04.388069,246.00289909999992,-0.932311
2026-08-18 15:48:05.387368,247.00219829999696,-0.93029
2026-08-18 15:48:06.387929,248.00276049999957,-0.930999
2026-08-18 15:48:07.387943,249.00277409999762,-0.932144
2026-08-18 15:48:08.386947,250.001777999998,-0.931009
2026-08-18 15:48:09.388343,251.0031738999969,-0.934012
2026-08-18 15:48:10.387969,252.00280009999915,-0.931934
2026-08-18 15:48:11.388254,253.00308479999876,-0.930414
2026-08-18 15:48:12.388375,254.00320589999683,-0.935225
2026-08-18 15:48:13.388506,255.00333319999845,-0.93227
2026-08-18 15:48:14.386980,256.0018108999975,-0.938641
2026-08-18 15:48:15.388556,257.00338249999913,-0.936827
2026-08-18 15:48:16.388090,258.00291979999747,-0.931915
2026-08-18 15:48:17.388088,259.0029177999968,-0.933852
2026-08-18 15:48:18.386989,260.0018199999977,-0.931398
2026-08-18 15:48:19.386958,261.00178839999717,-0.928521
2026-08-18 15:48:20.387485,262.00231039999926,-0.934902
2026-08-18 15:48:21.388082,263.002912699998,-0.933661
2026-08-18 15:48:22.387307,264.0021381999977,-0.932532
2026-08-18 15:48:23.388173,265.0029996999983,-0.932709
2026-08-18 15:48:24.387974,266.0028050000001,-0.933832
2026-08-18 15:48:25.387284,267.0021155999966,-0.931826
2026-08-18 15:48:26.386959,268.00179039999784,-0.935358
2026-08-18 15:48:27.386963,269.0017934999996,-0.939418
2026-08-18 15:48:28.387080,270.0019104999992,-0.927738
2026-08-18 15:48:29.386945,271.00177729999996,-0.926371
2026-08-18 15:48:30.387022,272.00185339999734,-0.93542
2026-08-18 15:48:31.386969,273.0017998999974,-0.934512
2026-08-18 15:48:32.388386,274.0032164999975,-0.932785
2026-08-18 15:48:33.388228,275.003053299999,-0.934076
2026-08-18 15:48:34.387362,276.00219389999984,-0.930687
2026-08-18 15:48:35.388532,277.0033594999986,-0.925376
2026-08-18 15:48:36.387039,278.00186929999836,-0.931214
2026-08-18 15:48:37.388410,279.0032405999991,-0.92599
2026-08-18 15:48:38.386989,280.0018190999981,-0.924046
2026-08-18 15:48:39.388408,281.00323919999937,-0.92623
2026-08-18 15:48:40.388300,282.00313019999885,-0.923542
2026-08-18 15:48:41.388162,283.0029926999996,-0.925169
2026-08-18 15:48:42.386957,284.00178830000004,-0.923175
2026-08-18 15:48:43.388159,285.0029856999972,-0.928535
2026-08-18 15:48:44.388194,286.0030205999974,-0.930158
2026-08-18 15:48:45.387110,287.0019377999997,-0.92621
2026-08-18 15:48:46.387027,288.00185679999777,-0.929952
2026-08-18 15:48:47.386945,289.0017755999979,-0.929074
2026-08-18 15:48:48.387931,290.00276159999703,-0.931498
2026-08-18 15:48:49.387089,291.0019180999989,-0.933306
2026-08-18 15:48:50.386948,292.0017798999979,-0.93481
2026-08-18 15:48:51.386971,293.0018014999987,-0.930417
2026-08-18 15:48:52.386965,294.0017962999991,-0.932928
2026-08-18 15:48:53.388418,295.00324739999996,-0.931155
2026-08-18 15:48:54.386969,296.00179930000013,-0.936216
2026-08-18 15:48:55.388306,297.00313729999834,-0.936682
2026-08-18 15:48:56.386993,298.0018241999969,-0.933074
2026-08-18 15:48:57.387338,299.0021686999971,-0.936614
2026-08-18 15:48:58.388480,300.00330649999887,-0.938991
2026-08-18 15:48:59.388436,301.0032661999976,-0.935762
2026-08-18 15:49:00.387242,302.00206869999965,-0.938319
2026-08-18 15:49:01.386966,303.00179619999835,-0.937495
2026-08-18 15:49:02.388171,304.0030013999967,-0.938662
2026-08-18 15:49:03.387087,305.0019149999971,-0.93619
2026-08-18 15:49:04.416928,306.0317584999975,-0.943015
2026-08-18 15:49:05.388057,307.00288589999764,-0.939732
2026-08-18 15:49:06.388053,308.0028839999977,-0.937366
2026-08-18 15:49:07.386912,309.00174329999936,-0.941344
2026-08-18 15:49:08.386940,310.0017708999985,-0.937287
2026-08-18 15:49:09.387943,311.00277449999703,-0.931687
2026-08-18 15:49:10.388130,312.00295919999917,-0.93838
2026-08-18 15:49:11.388619,313.00344389999736,-0.931896
2026-08-18 15:49:12.388101,314.00292759999866,-0.93361
2026-08-18 15:49:13.388376,315.0032070999987,-0.937526
2026-08-18 15:49:14.388395,316.00322519999827,-0.929638
2026-08-18 15:49:15.386962,317.00179269999717,-0.933913
2026-08-18 15:49:16.388234,318.0030642999991,-0.932162
2026-08-18 15:49:17.388406,319.0032358999997,-0.933734
2026-08-18 15:49:18.388137,320.00296789999993,-0.938304
2026-08-18 15:49:19.388480,321.0033076999971,-0.934909
2026-08-18 15:49:20.387083,322.0019137999989,-0.929666
2026-08-18 15:49:21.388242,323.0030719999995,-0.932213
2026-08-18 15:49:22.387224,324.0020541999984,-0.931264
2026-08-18 15:49:23.387326,325.00215749999916,-0.931524
2026-08-18 15:49:24.388471,326.00330159999794,-0.931663
2026-08-18 15:49:25.387379,327.00221059999967,-0.93665
2026-08-18 15:49:26.387319,328.0021495000001,-0.933287
2026-08-18 15:49:27.388021,329.00284719999763,-0.931753
2026-08-18 15:49:28.387999,330.0028306999993,-0.932287
2026-08-18 15:49:29.386986,331.00180289999844,-0.934037
2026-08-18 15:49:30.388092,332.0029227999985,-0.933914
2026-08-18 15:49:31.386934,333.0017654999974,-0.935732
2026-08-18 15:49:32.388264,334.0030915999996,-0.930984
2026-08-18 15:49:33.387043,335.00187430000005,-0.935652
2026-08-18 15:49:34.388461,336.003292399997,-0.931925
2026-08-18 15:49:35.388138,337.00296889999663,-0.928753
2026-08-18 15:49:36.388442,338.00327259999904,-0.934742
2026-08-18 15:49:37.388437,339.0032676999981,-0.937467
2026-08-18 15:49:38.388432,340.0032629999987,-0.934383
2026-08-18 15:49:39.388492,341.00332069999786,-0.938682
2026-08-18 15:49:40.388167,342.00299229999655,-0.93404
2026-08-18 15:49:41.388568,343.00339379999787,-0.936709
2026-08-18 15:49:42.388006,344.00283579999814,-0.935806
2026-08-18 15:49:43.388173,345.00299989999985,-0.936008
2026-08-18 15:49:44.388005,346.0028354999995,-0.938536
2026-08-18 15:49:45.388086,347.0029129999966,-0.936976
2026-08-18 15:49:46.387971,348.00280219999695,-0.940179
2026-08-18 15:49:47.388022,349.00285139999687,-0.941065
2026-08-18 15:49:48.388158,350.0029837999973,-0.944159
2026-08-18 15:49:49.386931,351.00176179999835,-0.940717
2026-08-18 15:49:50.387935,352.0027657999999,-0.945007
2026-08-18 15:49:51.388487,353.00331789999836,-0.942522
2026-08-18 15:49:52.387912,354.0027428999965,-0.945049
2026-08-18 15:49:53.386985,355.0018147999981,-0.945154
2026-08-18 15:49:54.388419,356.00325019999946,-0.943436
2026-08-18 15:49:55.388369,357.0032003999986,-0.944151
2026-08-18 15:49:56.388092,358.00292259999696,-0.936933
2026-08-18 15:49:57.388363,359.00319429999945,-0.943849
2026-08-18 15:49:58.388459,360.00328589999845,-0.943514
2026-08-18 15:49:59.388345,361.0031760999991,-0.939335
2026-08-18 15:50:00.387935,362.00276649999796,-0.94023
2026-08-18 15:50:01.388469,363.0032962999976,-0.938743
2026-08-18 15:50:02.388102,364.00293279999823,-0.938664
2026-08-18 15:50:03.388303,365.003133299997,-0.93873
2026-08-18 15:50:04.388118,366.0029450999973,-0.942764
2026-08-18 15:50:05.386910,367.0017408999993,-0.944752
2026-08-18 15:50:06.388088,368.00291509999806,-0.941242
2026-08-18 15:50:07.386939,369.0017698999982,-0.945525
2026-08-18 15:50:08.387938,370.00276889999805,-0.936695
2026-08-18 15:50:09.386993,371.00182309999946,-0.937451
2026-08-18 15:50:10.388042,372.0028714,-0.93688
2026-08-18 15:50:11.388288,373.0031186999986,-0.939774
2026-08-18 15:50:12.387013,374.0018440999993,-0.942481
2026-08-18 15:50:13.386907,375.0017377999975,-0.945459
2026-08-18 15:50:14.387888,376.00271919999796,-0.946149
2026-08-18 15:50:15.386928,377.00175789999776,-0.943716
2026-08-18 15:50:16.386922,378.0017528999997,-0.940478
2026-08-18 15:50:17.386909,379.0017396999974,-0.943286
2026-08-18 15:50:18.388181,380.0030111999986,-0.949009
2026-08-18 15:50:19.386916,381.0017466999998,-0.942504
2026-08-18 15:50:20.387025,382.00185569999667,-0.942376
2026-08-18 15:50:21.388146,383.0029767999986,-0.939474
2026-08-18 15:50:22.387113,384.00194179999744,-0.941095
2026-08-18 15:50:23.388319,385.0031499999968,-0.937211
2026-08-18 15:50:24.387916,386.00274649999847,-0.934106
2026-08-18 15:50:25.386912,387.00174269999843,-0.937219
2026-08-18 15:50:26.388127,388.0029539999996,-0.93056
2026-08-18 15:50:27.388409,389.0032403999976,-0.934872
2026-08-18 15:50:28.388104,390.0029301999966,-0.931783
2026-08-18 15:50:29.387935,391.0027663000001,-0.927452
2026-08-18 15:50:30.387208,392.0020325999976,-0.9271
2026-08-18 15:50:31.387951,393.0027814999994,-0.927894
2026-08-18 15:50:32.388444,394.00327339999785,-0.934582
2026-08-18 15:50:33.388350,395.00318109999716,-0.928828
2026-08-18 15:50:34.388301,396.00313169999936,-0.930366
2026-08-18 15:50:35.388454,397.00328079999963,-0.928605
2026-08-18 15:50:36.388390,398.00322069999675,-0.931492
2026-08-18 15:50:37.388357,399.00318819999666,-0.928295
2026-08-18 15:50:38.388336,400.0031662000001,-0.931561
2026-08-18 15:50:39.388176,401.0030071999972,-0.935452
2026-08-18 15:50:40.388477,402.0033033999971,-0.937097
2026-08-18 15:50:41.388080,403.0029106999973,-0.932242
2026-08-18 15:50:42.388329,404.0031596999979,-0.936416
2026-08-18 15:50:43.386910,405.0017411999979,-0.93328
2026-08-18 15:50:44.388130,406.00295699999697,-0.937219
2026-08-18 15:50:45.387994,407.00282179999704,-0.932757
2026-08-18 15:50:46.386895,408.00172549999843,-0.931839
2026-08-18 15:50:47.386923,409.00175449999733,-0.934671
2026-08-18 15:50:48.388065,410.0028902999984,-0.927277
2026-08-18 15:50:49.387921,411.00275169999804,-0.925895
2026-08-18 15:50:50.386991,412.0018177999991,-0.927387
2026-08-18 15:50:51.387913,413.002743699999,-0.928375
2026-08-18 15:50:52.388126,414.00295619999815,-0.929472
2026-08-18 15:50:53.388346,415.00317719999657,-0.932049
2026-08-18 15:50:54.386941,416.00177149999945,-0.929013
2026-08-18 15:50:55.388070,417.0028949999978,-0.930194
2026-08-18 15:50:56.388241,418.00307229999817,-0.931291
2026-08-18 15:50:57.388329,419.00315989999945,-0.934289
2026-08-18 15:50:58.387925,420.00275429999965,-0.934463
2026-08-18 15:50:59.386930,421.0017611999974,-0.934007
2026-08-18 15:51:00.388344,422.00317449999784,-0.930858
2026-08-18 15:51:01.388341,423.0031711999982,-0.934868
2026-08-18 15:51:02.388375,424.0032057999997,-0.936471
2026-08-18 15:51:03.388329,425.00316009999733,-0.935616
2026-08-18 15:51:04.386981,426.00181149999844,-0.934101
2026-08-18 15:51:05.387120,427.0019468999999,-0.933697
2026-08-18 15:51:06.388236,428.003067499998,-0.931197
2026-08-18 15:51:07.387966,429.00279549999686,-0.936472
2026-08-18 15:51:08.387302,430.0021330999989,-0.937216
2026-08-18 15:51:09.388238,431.0030685999991,-0.933907
2026-08-18 15:51:10.387922,432.0027519999967,-0.93351
2026-08-18 15:51:11.387972,433.0028007999972,-0.93446
2026-08-18 15:51:12.388189,434.0030176,-0.928552
2026-08-18 15:51:13.388037,435.0028682999982,-0.928487
2026-08-18 15:51:14.388329,436.00316029999885,-0.930226
2026-08-18 15:51:15.388353,437.00318309999784,-0.921222
2026-08-18 15:51:16.388315,438.00314519999665,-0.919204
2026-08-18 15:51:17.388308,439.0031390999975,-0.924373
2026-08-18 15:51:18.388557,440.00338289999854,-0.928771
2026-08-18 15:51:19.388110,441.0029411999967,-0.929576
2026-08-18 15:51:20.388031,442.0028569999995,-0.924378
2026-08-18 15:51:21.388314,443.0031447000001,-0.926059
2026-08-18 15:51:22.386927,444.0017552999998,-0.925345
2026-08-18 15:51:23.388347,445.00317289999657,-0.930794
2026-08-18 15:51:24.387135,446.0019656999975,-0.930019
2026-08-18 15:51:25.387038,447.00186419999955,-0.926458
2026-08-18 15:51:26.388226,448.0030571999996,-0.930975
2026-08-18 15:51:27.388324,449.00315469999987,-0.93098
2026-08-18 15:51:28.388007,450.0028323999977,-0.929805
2026-08-18 15:51:29.387865,451.0026967999984,-0.932082
2026-08-18 15:51:30.387893,452.00272389999736,-0.931304
2026-08-18 15:51:31.388080,453.00290649999806,-0.93498
2026-08-18 15:51:32.388007,454.00283469999704,-0.931587
2026-08-18 15:51:33.387868,455.0026982999989,-0.929423
2026-08-18 15:51:34.388326,456.0031569999992,-0.930993
2026-08-18 15:51:35.386904,457.0017353999974,-0.935088
2026-08-18 15:51:36.388366,458.0031945999981,-0.92859
2026-08-18 15:51:37.388538,459.0033642999988,-0.926039
2026-08-18 15:51:38.388275,460.00310519999766,-0.929442
2026-08-18 15:51:39.388109,461.0029388999974,-0.926617
2026-08-18 15:51:40.387887,462.00271769999745,-0.93306
2026-08-18 15:51:41.388081,463.00290689999747,-0.931322
2026-08-18 15:51:42.388083,464.00290969999696,-0.921448
2026-08-18 15:51:43.388324,465.0031542999968,-0.928401
2026-08-18 15:51:44.386890,466.00172139999995,-0.925375
2026-08-18 15:51:45.386937,467.0017658999968,-0.927774
2026-08-18 15:51:46.387963,468.00279169999703,-0.929268
2026-08-18 15:51:47.387833,469.0026641999975,-0.928418
2026-08-18 15:51:48.388143,470.00297189999765,-0.92554
2026-08-18 15:51:49.388146,471.00297649999993,-0.928311
2026-08-18 15:51:50.386862,472.0016926999997,-0.929387
2026-08-18 15:51:51.387901,473.0027317999993,-0.930174
2026-08-18 15:51:52.387148,474.00197469999694,-0.929239
2026-08-18 15:51:53.388566,475.0033908999976,-0.930582
2026-08-18 15:51:54.388257,476.00308759999825,-0.929838
2026-08-18 15:51:55.388252,477.00308259999656,-0.934961
2026-08-18 15:51:56.388271,478.0031027999976,-0.934018
2026-08-18 15:51:57.388105,479.0029355999977,-0.925768
2026-08-18 15:51:58.388458,480.0032844999987,-0.927432
2026-08-18 15:51:59.388087,481.00291209999705,-0.931075
2026-08-18 15:52:00.388236,482.00306649999766,-0.926728
2026-08-18 15:52:01.388104,483.0029297999972,-0.927871
2026-08-18 15:52:02.387011,484.00184199999785,-0.932286
2026-08-18 15:52:03.388219,485.00304999999935,-0.932152
2026-08-18 15:52:04.388214,486.0030444999975,-0.932222
2026-08-18 15:52:05.388226,487.0030554999976,-0.926855
2026-08-18 15:52:06.388245,488.0030752999992,-0.924545
2026-08-18 15:52:07.387996,489.00282719999814,-0.927274
2026-08-18 15:52:08.388062,490.00288889999865,-0.928198
2026-08-18 15:52:09.386867,491.00169749999986,-0.926773
2026-08-18 15:52:10.386912,492.00174269999843,-0.925425
2026-08-18 15:52:11.387815,493.0026453999999,-0.926802
2026-08-18 15:52:12.387930,494.00275829999737,-0.932128
2026-08-18 15:52:13.387975,495.0028055999974,-0.931815
2026-08-18 15:52:14.388635,496.0034608999995,-0.931894
2026-08-18 15:52:15.388209,497.0030381999968,-0.930778
2026-08-18 15:52:16.388178,498.00300909999714,-0.929301
2026-08-18 15:52:17.388167,499.0029982999986,-0.935923
2026-08-18 15:52:18.387980,500.0028115999994,-0.933573
2026-08-18 15:52:19.387973,501.00280369999746,-0.933596
2026-08-18 15:52:20.388146,502.0029755999967,-0.932263
2026-08-18 15:52:21.388152,503.00298289999773,-0.934563
2026-08-18 15:52:22.388156,504.0029867999983,-0.92763
2026-08-18 15:52:23.388300,505.0031265999969,-0.928724
2026-08-18 15:52:24.387912,506.00274329999957,-0.92747
2026-08-18 15:52:25.388036,507.0028664999991,-0.923652
2026-08-18 15:52:26.388120,508.00295019999976,-0.924932
2026-08-18 15:52:27.388060,509.00288589999764,-0.924141
2026-08-18 15:52:28.386876,510.0017064999993,-0.926609
2026-08-18 15:52:29.387858,511.0026900999983,-0.926256
2026-08-18 15:52:30.386906,512.0017364999985,-0.927918
2026-08-18 15:52:31.387848,513.0026795999984,-0.929072
2026-08-18 15:52:32.386885,514.0017158999981,-0.927565
2026-08-18 15:52:33.387834,515.002664399999,-0.92899
2026-08-18 15:52:34.388277,516.0031067999989,-0.926794
2026-08-18 15:52:35.388040,517.002870999997,-0.930374
2026-08-18 15:52:36.388142,518.0029720999992,-0.929423
2026-08-18 15:52:37.388129,519.0029598999972,-0.930662
2026-08-18 15:52:38.387914,520.002744999998,-0.930696
2026-08-18 15:52:39.388017,521.002846299998,-0.93013
2026-08-18 15:52:40.386919,522.0017502999981,-0.923946
2026-08-18 15:52:41.386892,523.001723399997,-0.924571
2026-08-18 15:52:42.388015,524.0028416999994,-0.928433
2026-08-18 15:52:43.388131,525.0029615999993,-0.920582
2026-08-18 15:52:44.388155,526.0029866999976,-0.922709
2026-08-18 15:52:45.386823,527.001653299998,-0.920667
2026-08-18 15:52:46.388217,528.0030458000001,-0.927011
2026-08-18 15:52:47.387836,529.0026667999991,-0.924244
2026-08-18 15:52:48.386890,530.0017202999989,-0.928277
2026-08-18 15:52:49.387015,531.0018457999977,-0.925653
2026-08-18 15:52:50.387294,532.0021253999985,-0.921883
2026-08-18 15:52:51.388168,533.002998699998,-0.929241
2026-08-18 15:52:52.386887,534.0017158999981,-0.92826
2026-08-18 15:52:53.387862,535.0026918999974,-0.929675
2026-08-18 15:52:54.388176,536.0030063999984,-0.930388
2026-08-18 15:52:55.388230,537.0030581999999,-0.929227
2026-08-18 15:52:56.388127,538.0029531999971,-0.933217
2026-08-18 15:52:57.388151,539.0029810999986,-0.932253
2026-08-18 15:52:58.387832,540.0026631000001,-0.929146
2026-08-18 15:52:59.388204,541.0030350999987,-0.933151
2026-08-18 15:53:00.387931,542.0027596,-0.930892
2026-08-18 15:53:01.387946,543.0027721999977,-0.930179
2026-08-18 15:53:02.387929,544.0027600999965,-0.935763
2026-08-18 15:53:03.388171,545.0030017999998,-0.934055
2026-08-18 15:53:04.388173,546.0030040999991,-0.931057
2026-08-18 15:53:05.388165,547.0029959999993,-0.929961
2026-08-18 15:53:06.386784,548.0016150999982,-0.933584
2026-08-18 15:53:07.387213,549.0020401999973,-0.930746
2026-08-18 15:53:08.388041,550.0028682999982,-0.93628
2026-08-18 15:53:09.388146,551.0029760999969,-0.932997
2026-08-18 15:53:10.387991,552.0028206999996,-0.933817
2026-08-18 15:53:11.386862,553.0016922999966,-0.936485
2026-08-18 15:53:12.388079,554.0029042999995,-0.93621
2026-08-18 15:53:13.387805,555.002634299999,-0.940384
2026-08-18 15:53:14.388290,556.0031199999976,-0.938729
2026-08-18 15:53:15.388721,557.003552299997,-0.934422
2026-08-18 15:53:16.388282,558.0031075999977,-0.934892
2026-08-18 15:53:17.388248,559.0030729999999,-0.937039
2026-08-18 15:53:18.388148,560.0029775999974,-0.940095
2026-08-18 15:53:19.388051,561.0028772999976,-0.93518
2026-08-18 15:53:20.388162,562.0029937999971,-0.936983
2026-08-18 15:53:21.386857,563.0016881999982,-0.936128
2026-08-18 15:53:22.387894,564.0027249999985,-0.93191
2026-08-18 15:53:23.387911,565.002740699998,-0.930849
2026-08-18 15:53:24.388133,566.0029638999986,-0.9334
2026-08-18 15:53:25.387897,567.0027278999987,-0.936019
2026-08-18 15:53:26.388163,568.0029942000001,-0.936459
2026-08-18 15:53:27.388133,569.0029637999978,-0.934439
2026-08-18 15:53:28.386885,570.0017155999994,-0.93284
2026-08-18 15:53:29.386796,571.0016268999971,-0.934008
2026-08-18 15:53:30.386908,572.0017383999984,-0.931354
2026-08-18 15:53:31.387256,573.0020869,-0.92811
2026-08-18 15:53:32.388012,574.0028374999965,-0.929391
2026-08-18 15:53:33.387814,575.0026453999999,-0.926863
2026-08-18 15:53:34.388003,576.0028288999965,-0.928109
2026-08-18 15:53:35.388243,577.0030732999985,-0.925968
2026-08-18 15:53:36.388117,578.0029469000001,-0.928636
2026-08-18 15:53:37.388114,579.0029448999994,-0.933702
2026-08-18 15:53:38.388092,580.0029234999965,-0.931108
2026-08-18 15:53:39.388112,581.0029430999966,-0.928315
2026-08-18 15:53:40.387875,582.0027065999966,-0.932755
2026-08-18 15:53:41.388100,583.0029312999977,-0.931561
2026-08-18 15:53:42.388099,584.0029297999972,-0.929752
2026-08-18 15:53:43.388259,585.0030842999986,-0.931818
2026-08-18 15:53:44.386824,586.0016546999977,-0.936342
2026-08-18 15:53:45.387987,587.0028173999999,-0.933266
2026-08-18 15:53:46.388133,588.0029637999978,-0.932329
2026-08-18 15:53:47.396751,589.0115822999978,-0.939439
2026-08-18 15:53:48.386907,590.0017371999966,-0.936577
2026-08-18 15:53:49.388154,591.0029841999967,-0.929666
2026-08-18 15:53:50.388024,592.0028503999965,-0.928961
2026-08-18 15:53:51.387276,593.0021068999995,-0.929743
2026-08-18 15:53:52.387880,594.002710599998,-0.933247
2026-08-18 15:53:53.387907,595.0027374999991,-0.930866
2026-08-18 15:53:54.387818,596.0026486999996,-0.935933
2026-08-18 15:53:55.386890,597.0017200999973,-0.933803
2026-08-18 15:53:56.388037,598.0028672999979,-0.935583
2026-08-18 15:53:57.387967,599.0027977999998,-0.933574
2026-08-18 15:53:58.388082,600.0029125999972,-0.933863
2026-08-18 15:53:59.388126,601.0029547999984,-0.937188
2026-08-18 15:54:00.388283,602.0031090999983,-0.936369
2026-08-18 15:54:01.388109,603.0029394999983,-0.940952
2026-08-18 15:54:02.388096,604.0029273999971,-0.931397
2026-08-18 15:54:03.388090,605.0029204999992,-0.931384
2026-08-18 15:54:04.388097,606.0029275999987,-0.930072
2026-08-18 15:54:05.387919,607.0027508999992,-0.930101
2026-08-18 15:54:06.388098,608.0029291999999,-0.928071
2026-08-18 15:54:07.387001,609.0018276999981,-0.934619
2026-08-18 15:54:08.387789,610.0026207999981,-0.938649
2026-08-18 15:54:09.387941,611.0027725999971,-0.93586
2026-08-18 15:54:10.388100,612.0029306999968,-0.931055
2026-08-18 15:54:11.386881,613.0017106999985,-0.935142
2026-08-18 15:54:12.388060,614.0028906999978,-0.934457
2026-08-18 15:54:13.387867,615.0026967999984,-0.943029
2026-08-18 15:54:14.387803,616.0026334999966,-0.936208
2026-08-18 15:54:15.386867,617.001698,-0.938211
2026-08-18 15:54:16.388494,618.0033202999984,-0.935223
2026-08-18 15:54:17.388096,619.0029263999968,-0.937598
2026-08-18 15:54:18.387990,620.0028199999979,-0.940652
2026-08-18 15:54:19.388077,621.0029073999976,-0.940091
2026-08-18 15:54:20.388110,622.0029404999987,-0.940046
2026-08-18 15:54:21.388069,623.0028992999978,-0.936763
2026-08-18 15:54:22.388072,624.0029035999978,-0.93854
2026-08-18 15:54:23.386791,625.0016224999999,-0.937759
2026-08-18 15:54:24.387947,626.0027749000001,-0.937163
2026-08-18 15:54:25.388244,627.0030693999979,-0.937255
2026-08-18 15:54:26.386827,628.0016582999997,-0.935748
2026-08-18 15:54:27.388243,629.0030696999966,-0.937814
2026-08-18 15:54:28.388061,630.002891199998,-0.939409
2026-08-18 15:54:29.386800,631.0016312999978,-0.941252
2026-08-18 15:54:30.386819,632.0016503999977,-0.939332
2026-08-18 15:54:31.386850,633.0016812999966,-0.941319
2026-08-18 15:54:32.386813,634.0016439999999,-0.936454
2026-08-18 15:54:33.387847,635.0026770999975,-0.938642
2026-08-18 15:54:34.388038,636.0028636999996,-0.942826
2026-08-18 15:54:35.387814,637.0026443999996,-0.93995
2026-08-18 15:54:36.388076,638.0029058999971,-0.942589
2026-08-18 15:54:37.388080,639.0029108999988,-0.940869
2026-08-18 15:54:38.388036,640.0028672999979,-0.945844
2026-08-18 15:54:39.387908,641.0027388999988,-0.944569
2026-08-18 15:54:40.388221,642.0030453999971,-0.943894
2026-08-18 15:54:41.388063,643.0028940999982,-0.934184
2026-08-18 15:54:42.388059,644.0028899999998,-0.939224
2026-08-18 15:54:43.386820,645.0016509999987,-0.938375
2026-08-18 15:54:44.387788,646.0026186999967,-0.93592
2026-08-18 15:54:45.388061,647.0028919999968,-0.938262
2026-08-18 15:54:46.387906,648.0027369999989,-0.927773
2026-08-18 15:54:47.388187,649.003017199997,-0.927838
2026-08-18 15:54:48.388114,650.0029449999965,-0.929837
2026-08-18 15:54:49.386950,651.0017804999989,-0.927508
2026-08-18 15:54:50.388142,652.0029729999987,-0.929404
2026-08-18 15:54:51.388069,653.002895499998,-0.931972
2026-08-18 15:54:52.388217,654.0030441999988,-0.931083
2026-08-18 15:54:53.387904,655.0027340999986,-0.932573
2026-08-18 15:54:54.387895,656.002726499999,-0.930936
2026-08-18 15:54:55.387923,657.0027530999978,-0.932557
2026-08-18 15:54:56.387913,658.0027434999975,-0.932995
2026-08-18 15:54:57.388324,659.0031498999997,-0.930234
2026-08-18 15:54:58.388119,660.0029496999996,-0.933938
2026-08-18 15:54:59.388115,661.002945799999,-0.931469
2026-08-18 15:55:00.388102,662.0029279999981,-0.938579
2026-08-18 15:55:01.388170,663.0029995999976,-0.937968
2026-08-18 15:55:02.388101,664.0029323999988,-0.93989
2026-08-18 15:55:03.387982,665.002812499999,-0.938471
2026-08-18 15:55:04.387805,666.0026366999991,-0.939225
2026-08-18 15:55:05.388093,667.0029231999979,-0.932901
2026-08-18 15:55:06.388289,668.0031142999978,-0.935228
2026-08-18 15:55:07.388001,669.0028319999983,-0.932322
2026-08-18 15:55:08.388019,670.0028463999988,-0.922101
2026-08-18 15:55:09.386913,671.0017446999991,-0.927692
2026-08-18 15:55:10.388015,672.0028421999996,-0.928993
2026-08-18 15:55:11.388059,673.0028902999984,-0.92328
2026-08-18 15:55:12.387832,674.0026618999982,-0.925114
2026-08-18 15:55:13.387982,675.0028080999982,-0.924725
2026-08-18 15:55:14.387940,676.002765199999,-0.926299
2026-08-18 15:55:15.387777,677.0026077999973,-0.925846
2026-08-18 15:55:16.386835,678.0016657999986,-0.926206
2026-08-18 15:55:17.387773,679.0026033999966,-0.926571
2026-08-18 15:55:18.388068,680.002899199997,-0.923517
2026-08-18 15:55:19.388171,681.0029974999998,-0.928934
2026-08-18 15:55:20.388111,682.0029369999975,-0.930759
2026-08-18 15:55:21.388034,683.0028607999993,-0.930065
2026-08-18 15:55:22.388069,684.0028988999984,-0.929959
2026-08-18 15:55:23.387756,685.0025881999973,-0.92111
2026-08-18 15:55:24.387752,686.0025838999973,-0.926
2026-08-18 15:55:25.386775,687.0016065999989,-0.925316
2026-08-18 15:55:26.388018,688.0028497999992,-0.928856
2026-08-18 15:55:27.387774,689.0026053000001,-0.926432
2026-08-18 15:55:28.388093,690.0029220999968,-0.928116
2026-08-18 15:55:29.386777,691.0016087999975,-0.927886
2026-08-18 15:55:30.388060,692.0028864999986,-0.924292
2026-08-18 15:55:31.387801,693.0026308999986,-0.930228
2026-08-18 15:55:32.388154,694.0029804999976,-0.932504
2026-08-18 15:55:33.386839,695.0016696999992,-0.929374
2026-08-18 15:55:34.388058,696.0028886,-0.92808
2026-08-18 15:55:35.387996,697.0028212999969,-0.926296
2026-08-18 15:55:36.387822,698.0026516999969,-0.924023
2026-08-18 15:55:37.388336,699.0031610999977,-0.922574
2026-08-18 15:55:38.388117,700.002946499997,-0.929011
2026-08-18 15:55:39.386817,701.0016469999973,-0.921154
2026-08-18 15:55:40.388154,702.0029836999965,-0.92265
2026-08-18 15:55:41.388180,703.0030074999995,-0.921147
2026-08-18 15:55:42.388293,704.0031186999986,-0.911645
2026-08-18 15:55:43.388045,705.0028757999971,-0.918155
2026-08-18 15:55:44.388048,706.0028790999968,-0.918417
2026-08-18 15:55:45.388044,707.0028746999997,-0.916781
2026-08-18 15:55:46.387794,708.0026248999966,-0.918446
2026-08-18 15:55:47.388185,709.0030106999984,-0.917265
2026-08-18 15:55:48.388035,710.0028658999981,-0.919872
2026-08-18 15:55:49.388472,711.0032980999968,-0.915147
2026-08-18 15:55:50.388120,712.0029512000001,-0.919308
2026-08-18 15:55:51.387864,713.002695799998,-0.919288
2026-08-18 15:55:52.388032,714.0028628,-0.920101
2026-08-18 15:55:53.387763,715.0025951999996,-0.927576
2026-08-18 15:55:54.388015,716.0028453999985,-0.918706
2026-08-18 15:55:55.386762,717.0015916999982,-0.92271
2026-08-18 15:55:56.387803,718.0026336999981,-0.925998
2026-08-18 15:55:57.387812,719.0026424999996,-0.921862
2026-08-18 15:55:58.388006,720.0028371999979,-0.920643
2026-08-18 15:55:59.388741,721.0035723000001,-0.921638
2026-08-18 15:56:00.387924,722.0027546999991,-0.925209
2026-08-18 15:56:01.388201,723.0030323999999,-0.926845
2026-08-18 15:56:02.388177,724.0030031999995,-0.927644
2026-08-18 15:56:03.388168,725.0029964999994,-0.92424
2026-08-18 15:56:04.388029,726.002859799999,-0.928089
2026-08-18 15:56:05.388028,727.0028588999994,-0.928806
2026-08-18 15:56:06.388012,728.002841999998,-0.928718
2026-08-18 15:56:07.388104,729.0029348999997,-0.931327
2026-08-18 15:56:08.387772,730.0026032999995,-0.927591
2026-08-18 15:56:09.388186,731.0030162999974,-0.928942
2026-08-18 15:56:10.387157,732.0019870999968,-0.929581
2026-08-18 15:56:11.387732,733.0025631999997,-0.930504
2026-08-18 15:56:12.388345,734.0031715999976,-0.935263
2026-08-18 15:56:13.387975,735.0027997999969,-0.932998
2026-08-18 15:56:14.386982,736.001808699999,-0.928167
2026-08-18 15:56:15.387915,737.0027419999969,-0.933213
2026-08-18 15:56:16.387784,738.0026139000001,-0.932767
2026-08-18 15:56:17.387969,739.0027956999984,-0.936189
2026-08-18 15:56:18.388082,740.0029084999987,-0.933571
2026-08-18 15:56:19.388288,741.0031155999968,-0.933094
2026-08-18 15:56:20.387758,742.0025885999967,-0.93251
2026-08-18 15:56:21.388000,743.0028300999984,-0.929368
2026-08-18 15:56:22.387962,744.0027888999975,-0.928449
2026-08-18 15:56:23.388253,745.0030835999969,-0.930725
2026-08-18 15:56:24.388270,746.0030997999966,-0.930178
2026-08-18 15:56:25.388198,747.0030288999988,-0.930213
2026-08-18 15:56:26.387791,748.0026223999994,-0.930284
2026-08-18 15:56:27.387817,749.0026465999981,-0.93001
2026-08-18 15:56:28.388188,750.0030181999973,-0.933465
2026-08-18 15:56:29.387778,751.0026092999979,-0.934555
2026-08-18 15:56:30.388044,752.0028703999997,-0.934883
2026-08-18 15:56:31.386761,753.0015925999978,-0.931327
2026-08-18 15:56:32.388080,754.0029116999976,-0.9355
2026-08-18 15:56:33.386784,755.0016141999986,-0.935346
2026-08-18 15:56:34.386757,756.0015872999975,-0.934496
2026-08-18 15:56:35.387959,757.0027847999991,-0.938183
2026-08-18 15:56:36.387792,758.0026228999996,-0.936076
2026-08-18 15:56:37.387835,759.0026628999985,-0.937281
2026-08-18 15:56:38.387903,760.0027334999977,-0.936199
2026-08-18 15:56:39.388110,761.0029406999965,-0.941144
2026-08-18 15:56:40.388016,762.0028467999982,-0.939469
2026-08-18 15:56:41.387952,763.0027824999997,-0.939041
2026-08-18 15:56:42.387938,764.0027687999973,-0.935903
2026-08-18 15:56:43.388167,765.0029978999992,-0.938193
2026-08-18 15:56:44.387914,766.002740099997,-0.935576
2026-08-18 15:56:45.388014,767.0028442999974,-0.934577
2026-08-18 15:56:46.388178,768.0030086999977,-0.936733
2026-08-18 15:56:47.388173,769.0030037999968,-0.933709
2026-08-18 15:56:48.387766,770.0025967999973,-0.932174
2026-08-18 15:56:49.388024,771.002854899998,-0.938244
2026-08-18 15:56:50.388353,772.0031800999968,-0.935833
2026-08-18 15:56:51.388182,773.0030122999997,-0.935272
2026-08-18 15:56:52.387775,774.0026057999967,-0.938226
2026-08-18 15:56:53.387946,775.0027721999977,-0.937975
2026-08-18 15:56:54.387803,776.0026341999983,-0.938796
2026-08-18 15:56:55.387727,777.0025580999973,-0.938976
2026-08-18 15:56:56.387919,778.0027445999986,-0.936577
2026-08-18 15:56:57.387748,779.0025787999984,-0.934511
2026-08-18 15:56:58.387779,780.0026085999998,-0.935714
2026-08-18 15:56:59.388128,781.0029575999979,-0.929852
2026-08-18 15:57:00.388016,782.0028416999994,-0.918681
2026-08-18 15:57:01.388171,783.0030022999999,-0.921321
2026-08-18 15:57:02.388113,784.0029432999982,-0.921631
2026-08-18 15:57:03.387930,785.0027601999973,-0.921029
2026-08-18 15:57:04.388337,786.0031622999995,-0.921788
2026-08-18 15:57:05.388246,787.0030705999998,-0.920209
2026-08-18 15:57:06.387956,788.0027857999994,-0.923458
2026-08-18 15:57:07.387979,789.0028096999995,-0.921583
2026-08-18 15:57:08.388038,790.0028687999984,-0.923711
2026-08-18 15:57:09.387739,791.0025704,-0.925311
2026-08-18 15:57:10.387925,792.002756599999,-0.922394
2026-08-18 15:57:11.387978,793.0028030999965,-0.929528
2026-08-18 15:57:12.387937,794.0027633999998,-0.926701
2026-08-18 15:57:13.386898,795.0017270999997,-0.929806
2026-08-18 15:57:14.387934,796.0027607999982,-0.926586
2026-08-18 15:57:15.386802,797.0016328999991,-0.927867
2026-08-18 15:57:16.387852,798.0026790999982,-0.919411
2026-08-18 15:57:17.387943,799.0027687999973,-0.92047
2026-08-18 15:57:18.387933,800.0027583999981,-0.919328
2026-08-18 15:57:19.388465,801.0032898999998,-0.923281
2026-08-18 15:57:20.388359,802.0031858999973,-0.922921
2026-08-18 15:57:21.387994,803.0028235999998,-0.925365
2026-08-18 15:57:22.388155,804.0029856000001,-0.925054
2026-08-18 15:57:23.386788,805.0016192999974,-0.922736
2026-08-18 15:57:24.388164,806.0029946999966,-0.923639
2026-08-18 15:57:25.388105,807.0029357999992,-0.930259
2026-08-18 15:57:26.388283,808.0031101999994,-0.926068
2026-08-18 15:57:27.388161,809.0029909999976,-0.925491
2026-08-18 15:57:28.386712,810.0015433999979,-0.926489
2026-08-18 15:57:29.388027,811.0028558999984,-0.927442
2026-08-18 15:57:30.387948,812.0027747999993,-0.931781
2026-08-18 15:57:31.388384,813.0032094999988,-0.934114
2026-08-18 15:57:32.387918,814.0027450999987,-0.932483
2026-08-18 15:57:33.387953,815.0027832999986,-0.930636
2026-08-18 15:57:34.388158,816.0029885999975,-0.927358
2026-08-18 15:57:35.387841,817.002668699999,-0.923929
2026-08-18 15:57:36.387942,818.0027704999993,-0.926031
2026-08-18 15:57:37.387821,819.0026495999991,-0.920865
2026-08-18 15:57:38.387940,820.0027660999986,-0.91828
2026-08-18 15:57:39.388055,821.0028798999992,-0.922195
2026-08-18 15:57:40.388545,822.0033700999993,-0.921752
2026-08-18 15:57:41.388312,823.003138,-0.922288
2026-08-18 15:57:42.387935,824.0027607999982,-0.922019
2026-08-18 15:57:43.387985,825.0028152999985,-0.922449
2026-08-18 15:57:44.388129,826.0029537999981,-0.927532
2026-08-18 15:57:45.388181,827.0030116999988,-0.921865
2026-08-18 15:57:46.388033,828.0028631999994,-0.926223
2026-08-18 15:57:47.388257,829.0030836999977,-0.925579
2026-08-18 15:57:48.386825,830.0016551999979,-0.924923
2026-08-18 15:57:49.388151,831.0029817999966,-0.925824
2026-08-18 15:57:50.388037,832.0028675999965,-0.92619
2026-08-18 15:57:51.387931,833.0027566999997,-0.931935
2026-08-18 15:57:52.388208,834.0030385999999,-0.929063
2026-08-18 15:57:53.387918,835.0027445999986,-0.927178
2026-08-18 15:57:54.387908,836.0027346999996,-0.925141
2026-08-18 15:57:55.387243,837.0019851999969,-0.919487
2026-08-18 15:57:56.387944,838.0027703999986,-0.923459
2026-08-18 15:57:57.387732,839.0025618999971,-0.92646
2026-08-18 15:57:58.387860,840.0026860999969,-0.926673
2026-08-18 15:57:59.387840,841.0026682999996,-0.926457
2026-08-18 15:58:00.388433,842.0032580999978,-0.926519
2026-08-18 15:58:01.388151,843.002977199998,-0.925893
2026-08-18 15:58:02.387919,844.0027500999968,-0.925609
2026-08-18 15:58:03.388367,845.0031926999982,-0.923973
2026-08-18 15:58:04.388116,846.0029424999993,-0.920146
2026-08-18 15:58:05.387932,847.0027583999981,-0.920229
2026-08-18 15:58:06.388175,848.0030041999999,-0.920098
2026-08-18 15:58:07.388169,849.0030006999987,-0.922047
2026-08-18 15:58:08.388330,850.0031560999996,-0.923545
2026-08-18 15:58:09.387885,851.0027101999985,-0.926531
2026-08-18 15:58:10.388131,852.0029609999983,-0.925296
2026-08-18 15:58:11.388167,853.0029988999995,-0.919528
2026-08-18 15:58:12.387708,854.0025394999975,-0.925071
2026-08-18 15:58:13.387882,855.0027124999979,-0.92968
2026-08-18 15:58:14.387932,856.0027585999997,-0.927226
2026-08-18 15:58:15.387792,857.0026198999985,-0.93233
2026-08-18 15:58:16.388308,858.0031345999996,-0.924836
2026-08-18 15:58:17.387878,859.0027090999974,-0.929206
2026-08-18 15:58:18.387894,860.0027195999974,-0.927253
2026-08-18 15:58:19.387897,861.0027233999972,-0.929395
2026-08-18 15:58:20.388012,862.0028414999979,-0.930632
2026-08-18 15:58:21.388249,863.0030750999977,-0.930276
2026-08-18 15:58:22.387787,864.0026145999982,-0.923063
2026-08-18 15:58:23.388349,865.0031754999982,-0.923732
2026-08-18 15:58:24.388369,866.0031941999987,-0.929052
2026-08-18 15:58:25.388029,867.0028578999991,-0.927611
2026-08-18 15:58:26.388281,868.0031079999972,-0.932021
2026-08-18 15:58:27.387893,869.0027200999975,-0.92703
2026-08-18 15:58:28.388388,870.0032132999986,-0.926303
2026-08-18 15:58:29.388164,871.0029893999999,-0.929103
2026-08-18 15:58:30.386822,872.0016527999978,-0.927672
2026-08-18 15:58:31.388142,873.0029733999982,-0.930656
2026-08-18 15:58:32.388008,874.0028384999969,-0.927596
2026-08-18 15:58:33.387884,875.0027104999972,-0.929242
2026-08-18 15:58:34.388276,876.0031045999967,-0.92598
2026-08-18 15:58:35.387898,877.0027241999996,-0.921813
2026-08-18 15:58:36.387909,878.002735799997,-0.925913
2026-08-18 15:58:37.387951,879.0027816999973,-0.919812
2026-08-18 15:58:38.387800,880.0026290999995,-0.92167
2026-08-18 15:58:39.387856,881.0026839999991,-0.92114
2026-08-18 15:58:40.387960,882.0027842999989,-0.920608
2026-08-18 15:58:41.388503,883.0033277999974,-0.923377
2026-08-18 15:58:42.388146,884.002974199997,-0.922238
2026-08-18 15:58:43.387781,885.0026086999969,-0.922046
2026-08-18 15:58:44.387850,886.0026767999989,-0.927342
2026-08-18 15:58:45.387699,887.0025291999991,-0.921692
2026-08-18 15:58:46.388289,888.0031152999982,-0.921515
2026-08-18 15:58:47.388133,889.0029646999974,-0.924083
2026-08-18 15:58:48.388328,890.0031542999968,-0.925082
2026-08-18 15:58:49.388268,891.0030934999995,-0.92406
2026-08-18 15:58:50.387873,892.0026997999994,-0.927853
2026-08-18 15:58:51.388035,893.0028652000001,-0.927145
2026-08-18 15:58:52.387688,894.0025198999974,-0.924602
2026-08-18 15:58:53.387889,895.0027182999984,-0.924525
2026-08-18 15:58:54.387754,896.0025830999984,-0.928676
2026-08-18 15:58:55.387906,897.002732099998,-0.928235
2026-08-18 15:58:56.387728,898.0025570999969,-0.928832
2026-08-18 15:58:57.387960,899.002786099998,-0.929555
2026-08-18 15:58:58.387927,900.0027523999997,-0.93064
2026-08-18 15:58:59.387868,901.0026958999988,-0.933132
2026-08-18 15:59:00.387806,902.0026328999993,-0.929788
2026-08-18 15:59:01.388140,903.002969899997,-0.929402
2026-08-18 15:59:02.388262,904.0030890999988,-0.923781
2026-08-18 15:59:03.388064,905.002890599997,-0.927845
2026-08-18 15:59:04.388123,906.0029542999982,-0.927511
2026-08-18 15:59:05.388131,907.0029608999976,-0.927683
2026-08-18 15:59:06.388265,908.0030905999993,-0.925385
2026-08-18 15:59:07.387943,909.0027725,-0.92737
2026-08-18 15:59:08.388184,910.0030136999994,-0.926881
2026-08-18 15:59:09.387659,911.0024898999982,-0.927538
2026-08-18 15:59:10.388046,912.0028716999987,-0.929661
2026-08-18 15:59:11.388106,913.0029312999977,-0.931444
2026-08-18 15:59:12.387969,914.0027996999997,-0.931703
2026-08-18 15:59:13.388093,915.0029232999987,-0.92902
2026-08-18 15:59:14.387947,916.0027734999967,-0.924664
2026-08-18 15:59:15.387904,917.0027299999965,-0.924644
2026-08-18 15:59:16.387869,918.0026953999986,-0.92661
2026-08-18 15:59:17.387939,919.0027682999971,-0.927982
2026-08-18 15:59:18.387853,920.002679199999,-0.927037
2026-08-18 15:59:19.387642,921.0024729999968,-0.926435
2026-08-18 15:59:20.387759,922.0025872999977,-0.934207
2026-08-18 15:59:21.387863,923.0026894999974,-0.930889
2026-08-18 15:59:22.387639,924.0024700999966,-0.92839
2026-08-18 15:59:23.388354,925.0031803999991,-0.925293
2026-08-18 15:59:24.387891,926.0027218999967,-0.926149
2026-08-18 15:59:25.388231,927.0030570999988,-0.923164
2026-08-18 15:59:26.387930,928.0027609999997,-0.91896
2026-08-18 15:59:27.388338,929.0031640999987,-0.918124
2026-08-18 15:59:28.388342,930.0031682999979,-0.924489
2026-08-18 15:59:29.388260,931.003085999997,-0.915462
2026-08-18 15:59:30.387920,932.0027461999998,-0.914262
2026-08-18 15:59:31.387871,933.0026980999974,-0.917565
2026-08-18 15:59:32.388251,934.0030769999976,-0.913372
2026-08-18 15:59:33.388116,935.0029447999987,-0.907892
2026-08-18 15:59:34.388112,936.0029428999987,-0.911896
2026-08-18 15:59:35.388085,937.0029155999982,-0.911805
2026-08-18 15:59:36.387900,938.0027256999965,-0.910737
2026-08-18 15:59:37.387845,939.002671899998,-0.910559
2026-08-18 15:59:38.387857,940.0026879999969,-0.911921
2026-08-18 15:59:39.387766,941.0025929999974,-0.91104
2026-08-18 15:59:40.387659,942.0024896999967,-0.91239
2026-08-18 15:59:41.387794,943.0026208999989,-0.912799
2026-08-18 15:59:42.388368,944.0031929999968,-0.914561
2026-08-18 15:59:43.387782,945.002610399999,-0.917985
2026-08-18 15:59:44.388120,946.0029501999998,-0.916294
2026-08-18 15:59:45.388186,947.0030118999966,-0.915881
2026-08-18 15:59:46.387753,948.0025803999997,-0.91606
2026-08-18 15:59:47.388099,949.0029295999993,-0.921079
2026-08-18 15:59:48.388267,950.0030938999989,-0.918218
2026-08-18 15:59:49.388003,951.0028337999975,-0.915859
2026-08-18 15:59:50.387833,952.0026636999974,-0.921611
2026-08-18 15:59:51.387867,953.0026986999983,-0.915988
2026-08-18 15:59:52.387686,954.0025172999995,-0.921541
2026-08-18 15:59:53.388138,955.0029680999978,-0.923034
2026-08-18 15:59:54.387959,956.0027881999995,-0.924043
2026-08-18 15:59:55.387681,957.0025124999993,-0.920517
2026-08-18 15:59:56.387974,958.0028050000001,-0.923728
2026-08-18 15:59:57.387876,959.0027021999995,-0.920095
2026-08-18 15:59:58.387832,960.0026588999972,-0.922554
2026-08-18 15:59:59.387812,961.0026400999996,-0.923092
2026-08-18 16:00:00.387882,962.0027076999977,-0.927726
2026-08-18 16:00:01.387728,963.0025580000001,-0.926316
2026-08-18 16:00:02.388062,964.0028906999978,-0.923526
2026-08-18 16:00:03.387815,965.0026424999996,-0.92387
2026-08-18 16:00:04.388092,966.002922599997,-0.925333
2026-08-18 16:00:05.388395,967.0032202999973,-0.922719
2026-08-18 16:00:06.388196,968.0030243000001,-0.925017
2026-08-18 16:00:07.387909,969.0027401999978,-0.927874
2026-08-18 16:00:08.388228,970.0030541999986,-0.927363
2026-08-18 16:00:09.387938,971.0027640999979,-0.931528
2026-08-18 16:00:10.388173,972.0030033999974,-0.929123
2026-08-18 16:00:11.387837,973.0026680999981,-0.925211
2026-08-18 16:00:12.387959,974.0027901999965,-0.927971
2026-08-18 16:00:13.388275,975.0031002999967,-0.93003
2026-08-18 16:00:14.388209,976.0030381999968,-0.930345
2026-08-18 16:00:15.388248,977.0030778999972,-0.930894
2026-08-18 16:00:16.387647,978.0024782,-0.9294
2026-08-18 16:00:17.387680,979.0025113999982,-0.928913
2026-08-18 16:00:18.387816,980.0026424999996,-0.932564
2026-08-18 16:00:19.387783,981.0026124999968,-0.928845
2026-08-18 16:00:20.387838,982.0026638999989,-0.930957
2026-08-18 16:00:21.387645,983.0024761999994,-0.929309
2026-08-18 16:00:22.387738,984.0025672999982,-0.931401
2026-08-18 16:00:23.388484,985.0033093999991,-0.932463
2026-08-18 16:00:24.387806,986.0026371999993,-0.933833
2026-08-18 16:00:25.388040,987.0028655999995,-0.93373
2026-08-18 16:00:26.388317,988.0031423,-0.935965
2026-08-18 16:00:27.387948,989.0027764999977,-0.935177
2026-08-18 16:00:28.388102,990.0029336999978,-0.935901
2026-08-18 16:00:29.388179,991.0030071000001,-0.931393
2026-08-18 16:00:30.388319,992.0031443999978,-0.930983
2026-08-18 16:00:31.388075,993.0029061999994,-0.933134
2026-08-18 16:00:32.387880,994.0027112999996,-0.931932
2026-08-18 16:00:33.387881,995.0027070999968,-0.926935
2026-08-18 16:00:34.387665,996.0024958999966,-0.928981
2026-08-18 16:00:35.387878,997.0027041999965,-0.930074
2026-08-18 16:00:36.387704,998.0025343999987,-0.921844
2026-08-18 16:00:37.387917,999.0027475999996,-0.920725
2026-08-18 16:00:38.387763,1000.0025924999973,-0.922677
2026-08-18 16:00:39.387855,1001.0026810999989,-0.920255
2026-08-18 16:00:40.387748,1002.0025757999974,-0.924411
2026-08-18 16:00:41.387922,1003.0027474999988,-0.923825
2026-08-18 16:00:42.387694,1004.002525099997,-0.922824
2026-08-18 16:00:43.388180,1005.0030106999984,-0.92603
2026-08-18 16:00:44.388068,1006.0028987999976,-0.926082
2026-08-18 16:00:45.388146,1007.0029746999971,-0.925448
2026-08-18 16:00:46.388280,1008.0031053999992,-0.928713
2026-08-18 16:00:47.388057,1009.0028826999987,-0.926067
2026-08-18 16:00:48.388129,1010.0029579999973,-0.927882
2026-08-18 16:00:49.388023,1011.0028514999976,-0.927968
2026-08-18 16:00:50.388075,1012.0029064999981,-0.92428
2026-08-18 16:00:51.388329,1013.0031531999994,-0.924452
2026-08-18 16:00:52.388074,1014.0029051999991,-0.924337
2026-08-18 16:00:53.388071,1015.0029020999973,-0.92169
2026-08-18 16:00:54.387931,1016.0027574999986,-0.918225
2026-08-18 16:00:55.387912,1017.0027422999992,-0.918239
2026-08-18 16:00:56.387853,1018.0026796999991,-0.914575
2026-08-18 16:00:57.387697,1019.0025260999973,-0.913367
2026-08-18 16:00:58.387947,1020.0027777999967,-0.913503
2026-08-18 16:00:59.386603,1021.0014349999983,-0.912804
2026-08-18 16:01:00.387799,1022.0026274999982,-0.9077
2026-08-18 16:01:01.387884,1023.0027100999978,-0.912673
2026-08-18 16:01:02.387701,1024.0025300999987,-0.913323
2026-08-18 16:01:03.388118,1025.0029426,-0.911733
2026-08-18 16:01:04.388052,1026.0028829999974,-0.909009
2026-08-18 16:01:05.388217,1027.0030441999988,-0.911432
2026-08-18 16:01:06.388313,1028.0031383999994,-0.910081
2026-08-18 16:01:07.388230,1029.0030557999999,-0.909471
2026-08-18 16:01:08.388239,1030.003065099998,-0.9114
2026-08-18 16:01:09.388058,1031.0028890999965,-0.912543
2026-08-18 16:01:10.388111,1032.0029402,-0.917175
2026-08-18 16:01:11.388122,1033.002947699999,-0.912377
2026-08-18 16:01:12.388121,1034.002948999998,-0.913125
2026-08-18 16:01:13.387831,1035.0026572999996,-0.914819
2026-08-18 16:01:14.388297,1036.0031228999978,-0.914907
2026-08-18 16:01:15.388221,1037.0030463999974,-0.915743
2026-08-18 16:01:16.387611,1038.0024425999982,-0.919679
2026-08-18 16:01:17.387784,1039.0026099999995,-0.9193
2026-08-18 16:01:18.388110,1040.0029398999977,-0.923634
2026-08-18 16:01:19.387609,1041.0024395999972,-0.922129
2026-08-18 16:01:20.387895,1042.0027259999988,-0.92034
2026-08-18 16:01:21.387622,1043.0024528999966,-0.931338
2026-08-18 16:01:22.387863,1044.0026889999972,-0.929169
2026-08-18 16:01:23.387860,1045.002684799998,-0.932976
2026-08-18 16:01:24.388446,1046.0032697999995,-0.926758
2026-08-18 16:01:25.387733,1047.0025609999975,-0.923906
2026-08-18 16:01:26.387750,1048.0025771,-0.928037
2026-08-18 16:01:27.388129,1049.0029553999993,-0.930259
2026-08-18 16:01:28.387904,1050.002735099999,-0.928313
2026-08-18 16:01:29.388051,1051.0028816999984,-0.927087
2026-08-18 16:01:30.387830,1052.0026567999994,-0.9313
2026-08-18 16:01:31.388076,1053.0029062999965,-0.929927
2026-08-18 16:01:32.388294,1054.003119099998,-0.930391
2026-08-18 16:01:33.388221,1055.0030464999982,-0.925701
2026-08-18 16:01:34.388142,1056.0029697999998,-0.92512
2026-08-18 16:01:35.388274,1057.0030989999977,-0.928261
2026-08-18 16:01:36.387661,1058.002492599997,-0.91924
2026-08-18 16:01:37.388028,1059.0028574999997,-0.923278
2026-08-18 16:01:38.387811,1060.0026384999983,-0.919176
2026-08-18 16:01:39.387622,1061.0024532999996,-0.920434
2026-08-18 16:01:40.387852,1062.002682899998,-0.91951
2026-08-18 16:01:41.387644,1063.0024750999983,-0.921161
2026-08-18 16:01:42.387753,1064.0025822999996,-0.919931
2026-08-18 16:01:43.387787,1065.0026134,-0.92434
2026-08-18 16:01:44.388211,1066.0030376999966,-0.919762
2026-08-18 16:01:45.388180,1067.003006199997,-0.916469
2026-08-18 16:01:46.388038,1068.002869099997,-0.914092
2026-08-18 16:01:47.388180,1069.0030067999978,-0.920637
2026-08-18 16:01:48.387777,1070.0026050999986,-0.917973
2026-08-18 16:01:49.387599,1071.0024294999967,-0.917595
2026-08-18 16:01:50.387829,1072.0026550999974,-0.92073
2026-08-18 16:01:51.388265,1073.0030903999977,-0.91165
2026-08-18 16:01:52.388261,1074.0030866999987,-0.916101
2026-08-18 16:01:53.388036,1075.0028660999997,-0.91356
2026-08-18 16:01:54.387615,1076.0024453999977,-0.917009
2026-08-18 16:01:55.388087,1077.0029164999978,-0.915764
2026-08-18 16:01:56.387846,1078.0026720999995,-0.913437
2026-08-18 16:01:57.387918,1079.0027487999978,-0.91685
2026-08-18 16:01:58.387800,1080.0026266999994,-0.913938
2026-08-18 16:01:59.387755,1081.002582099998,-0.918249
2026-08-18 16:02:00.387686,1082.0025155999974,-0.921506
2026-08-18 16:02:01.387927,1083.002757299997,-0.918808
2026-08-18 16:02:02.386587,1084.0014181999977,-0.916983
2026-08-18 16:02:03.387825,1085.0026511999968,-0.917757
2026-08-18 16:02:04.387708,1086.0025387999995,-0.923359
2026-08-18 16:02:05.387817,1087.002643099997,-0.921005
2026-08-18 16:02:06.388197,1088.0030226999988,-0.92018
2026-08-18 16:02:07.388093,1089.002923,-0.920684
2026-08-18 16:02:08.387859,1090.0026859999998,-0.920966
2026-08-18 16:02:09.387753,1091.0025805999976,-0.919269
2026-08-18 16:02:10.388079,1092.0029071999998,-0.925975
2026-08-18 16:02:11.388008,1093.0028329999986,-0.921302
2026-08-18 16:02:12.387847,1094.002672999999,-0.92496
2026-08-18 16:02:13.388090,1095.0029189999987,-0.924667
2026-08-18 16:02:14.388171,1096.002997399999,-0.921029
2026-08-18 16:02:15.387812,1097.0026383999975,-0.924087
2026-08-18 16:02:16.388013,1098.0028435999993,-0.925876
2026-08-18 16:02:17.387774,1099.0026013999995,-0.924817
2026-08-18 16:02:18.387845,1100.0026757999985,-0.925748
2026-08-18 16:02:19.387775,1101.0026015999974,-0.926736
2026-08-18 16:02:20.387830,1102.0026564,-0.92853
2026-08-18 16:02:21.388006,1103.0028364999998,-0.926983
2026-08-18 16:02:22.387678,1104.002508999998,-0.926347
2026-08-18 16:02:23.387579,1105.0024102999996,-0.926748
2026-08-18 16:02:24.387614,1106.0024446999996,-0.931937
2026-08-18 16:02:25.388402,1107.0032268999967,-0.929184
2026-08-18 16:02:26.387981,1108.0028115999994,-0.929911
2026-08-18 16:02:27.388206,1109.0030318999998,-0.93174
2026-08-18 16:02:28.387921,1110.0027524999969,-0.93003
2026-08-18 16:02:29.387811,1111.0026377999966,-0.927675
2026-08-18 16:02:30.387818,1112.0026449999968,-0.933243
2026-08-18 16:02:31.388173,1113.0029989999966,-0.936863
2026-08-18 16:02:32.388115,1114.0029413999982,-0.934235
2026-08-18 16:02:33.387948,1115.0027788999978,-0.937316
2026-08-18 16:02:34.388176,1116.003001699999,-0.93108
2026-08-18 16:02:35.387562,1117.0023941,-0.9345
2026-08-18 16:02:36.388151,1118.0029761999976,-0.93167
2026-08-18 16:02:37.387806,1119.002633,-0.933126
2026-08-18 16:02:38.387965,1120.0027955999976,-0.926364
2026-08-18 16:02:39.387806,1121.002633,-0.929442
2026-08-18 16:02:40.387796,1122.0026225000001,-0.923878
2026-08-18 16:02:41.387760,1123.0025866999968,-0.925017
2026-08-18 16:02:42.387595,1124.0024236999998,-0.924048
2026-08-18 16:02:43.387658,1125.002488799997,-0.921744
2026-08-18 16:02:44.387749,1126.0025764999991,-0.9268
2026-08-18 16:02:45.387585,1127.0024161000001,-0.924561
2026-08-18 16:02:46.388048,1128.0028740999987,-0.931114
2026-08-18 16:02:47.388051,1129.0028764999988,-0.927858
2026-08-18 16:02:48.387630,1130.0024607999985,-0.926597
2026-08-18 16:02:49.387986,1131.0028133999986,-0.926471
2026-08-18 16:02:50.387873,1132.0026985999975,-0.929709
2026-08-18 16:02:51.387890,1133.002720999997,-0.929366
2026-08-18 16:02:52.387975,1134.0028023999985,-0.932001
2026-08-18 16:02:53.388092,1135.0029168,-0.929521
2026-08-18 16:02:54.387907,1136.0027366999966,-0.931548
2026-08-18 16:02:55.388079,1137.0029045999981,-0.928822
2026-08-18 16:02:56.387913,1138.002741299999,-0.929304
2026-08-18 16:02:57.388030,1139.0028577999983,-0.935092
2026-08-18 16:02:58.387879,1140.0027057999978,-0.927383
2026-08-18 16:02:59.387633,1141.0024634999972,-0.929802
2026-08-18 16:03:00.387888,1142.0027190999972,-0.930609
2026-08-18 16:03:01.387722,1143.0025507999999,-0.926207
2026-08-18 16:03:02.387851,1144.0026758999993,-0.928068
2026-08-18 16:03:03.387689,1145.0025177999996,-0.933349
2026-08-18 16:03:04.387580,1146.0024109999977,-0.926218
2026-08-18 16:03:05.387684,1147.0025142999984,-0.927812
2026-08-18 16:03:06.387551,1148.0023828999983,-0.931744
2026-08-18 16:03:07.388132,1149.002956999997,-0.929899
2026-08-18 16:03:08.387978,1150.0028059999968,-0.935449
2026-08-18 16:03:09.387905,1151.0027362999972,-0.929834
2026-08-18 16:03:10.387799,1152.0026244999972,-0.925711
2026-08-18 16:03:11.387911,1153.0027415999975,-0.928424
2026-08-18 16:03:12.388121,1154.002946499997,-0.926086
2026-08-18 16:03:13.388103,1155.002927999998,-0.923006
2026-08-18 16:03:14.387893,1156.0027240999989,-0.923089
2026-08-18 16:03:15.388084,1157.002910799998,-0.918023
2026-08-18 16:03:16.388102,1158.0029276999994,-0.923195
2026-08-18 16:03:17.388030,1159.0028553999982,-0.927479
2026-08-18 16:03:18.387737,1160.0025639999985,-0.925269
2026-08-18 16:03:19.387645,1161.0024735999978,-0.925875
2026-08-18 16:03:20.387980,1162.0028103999975,-0.921563
2026-08-18 16:03:21.387742,1163.0025679999999,-0.922586
2026-08-18 16:03:22.387829,1164.0026596999996,-0.932705
2026-08-18 16:03:23.387814,1165.0026411,-0.926631
2026-08-18 16:03:24.387819,1166.0026452999991,-0.924591
2026-08-18 16:03:25.387755,1167.0025814,-0.921029
2026-08-18 16:03:26.387697,1168.0025277999994,-0.917642
2026-08-18 16:03:27.387585,1169.002416899999,-0.921564
2026-08-18 16:03:28.387978,1170.0028070999979,-0.922635
2026-08-18 16:03:29.387784,1171.0026106999976,-0.919593
2026-08-18 16:03:30.388028,1172.0028546999965,-0.923832
2026-08-18 16:03:31.387890,1173.0027211999986,-0.92139
2026-08-18 16:03:32.387889,1174.0027193999995,-0.922889
2026-08-18 16:03:33.387992,1175.0028196999992,-0.925093
2026-08-18 16:03:34.388051,1176.0028824999972,-0.925394
2026-08-18 16:03:35.388121,1177.0029469,-0.919354
2026-08-18 16:03:36.388004,1178.0028294999975,-0.924551
2026-08-18 16:03:37.387567,1179.0023989000001,-0.925993
2026-08-18 16:03:38.388290,1180.0031157999983,-0.92768
2026-08-18 16:03:39.387881,1181.0027081999979,-0.92543
2026-08-18 16:03:40.387752,1182.002579699998,-0.930368
2026-08-18 16:03:41.387799,1183.0026259999977,-0.927486
2026-08-18 16:03:42.387916,1184.0027422999992,-0.92665
2026-08-18 16:03:43.387629,1185.0024587999978,-0.930072
2026-08-18 16:03:44.387735,1186.0025604999973,-0.929384
2026-08-18 16:03:45.387649,1187.0024791999967,-0.926901
2026-08-18 16:03:46.387739,1188.0025694999968,-0.928432
2026-08-18 16:03:47.387874,1189.0027056,-0.92598
2026-08-18 16:03:48.387780,1190.0026064999984,-0.93039
2026-08-18 16:03:49.388100,1191.0029256999987,-0.923456
2026-08-18 16:03:50.387912,1192.0027418999998,-0.923385
2026-08-18 16:03:51.387894,1193.0027248999977,-0.927152
2026-08-18 16:03:52.388098,1194.0029237999988,-0.925711
2026-08-18 16:03:53.388088,1195.0029133999997,-0.917688
2026-08-18 16:03:54.387748,1196.0025748999979,-0.917874
2026-08-18 16:03:55.387583,1197.0024137,-0.9191
2026-08-18 16:03:56.387871,1198.0027018,-0.923243
2026-08-18 16:03:57.388120,1199.002945799999,-0.919276
2026-08-18 16:03:58.387880,1200.0027115999983,-0.920875
2026-08-18 16:03:59.387701,1201.0025272999992,-0.922292
2026-08-18 16:04:00.387747,1202.0025748999979,-0.924473
2026-08-18 16:04:01.387632,1203.0024619999967,-0.924725
2026-08-18 16:04:02.387699,1204.0025279000001,-0.931329
2026-08-18 16:04:03.387856,1205.0026816999998,-0.925535
2026-08-18 16:04:04.387691,1206.0025169,-0.925307
2026-08-18 16:04:05.387560,1207.0023900999986,-0.928206
2026-08-18 16:04:06.387586,1208.0024158999986,-0.925304
2026-08-18 16:04:07.387949,1209.0027792,-0.927778
2026-08-18 16:04:08.387521,1210.0023520999966,-0.928569
2026-08-18 16:04:09.387566,1211.0023957999983,-0.929776
2026-08-18 16:04:10.387700,1212.0025284999974,-0.925114
2026-08-18 16:04:11.387777,1213.0026031999987,-0.928498
2026-08-18 16:04:12.387781,1214.002606799997,-0.930479
2026-08-18 16:04:13.387756,1215.0025827999998,-0.93086
2026-08-18 16:04:14.388076,1216.0029018999994,-0.930482
2026-08-18 16:04:15.387578,1217.0024094999972,-0.930054
2026-08-18 16:04:16.388032,1218.002857899999,-0.931491
2026-08-18 16:04:17.387788,1219.0026145999982,-0.929166
2026-08-18 16:04:18.387872,1220.0027011999991,-0.929918
2026-08-18 16:04:19.387696,1221.0025234999994,-0.933132
2026-08-18 16:04:20.387783,1222.0026093999986,-0.933362
2026-08-18 16:04:21.387595,1223.0024226999994,-0.935599
2026-08-18 16:04:22.387717,1224.0025429999987,-0.930429
2026-08-18 16:04:23.387925,1225.0027530999978,-0.927537
2026-08-18 16:04:24.387640,1226.0024670999992,-0.926476
2026-08-18 16:04:25.387862,1227.0026878999997,-0.930651
2026-08-18 16:04:26.387691,1228.0025172999995,-0.921572
2026-08-18 16:04:27.387721,1229.0025504999976,-0.923776
2026-08-18 16:04:28.387773,1230.002599299998,-0.924705
2026-08-18 16:04:29.387810,1231.0026411,-0.922843
2026-08-18 16:04:30.387576,1232.0024071999978,-0.922515
2026-08-18 16:04:31.387929,1233.0027577,-0.927288
2026-08-18 16:04:32.387853,1234.0026836999969,-0.926403
2026-08-18 16:04:33.388965,1235.0037912999978,-0.9229
2026-08-18 16:04:34.388033,1236.0028583999992,-0.926548
2026-08-18 16:04:35.387858,1237.0026862999985,-0.926913
2026-08-18 16:04:36.387805,1238.002630699997,-0.930194
2026-08-18 16:04:37.387873,1239.002701999998,-0.925822
2026-08-18 16:04:38.387829,1240.002654,-0.926318
2026-08-18 16:04:39.387826,1241.0026567999994,-0.928441
2026-08-18 16:04:40.388282,1242.003108599998,-0.930993
2026-08-18 16:04:41.387709,1243.0025367999988,-0.930305
2026-08-18 16:04:42.387652,1244.0024816999976,-0.928976
2026-08-18 16:04:43.387784,1245.002610399999,-0.931433
2026-08-18 16:04:44.387896,1246.0027244999983,-0.925545
2026-08-18 16:04:45.387728,1247.002553299997,-0.927956
2026-08-18 16:04:46.387718,1248.0025436999967,-0.925767
2026-08-18 16:04:47.387823,1249.0026463999966,-0.917807
2026-08-18 16:04:48.387862,1250.0026915999988,-0.922654
2026-08-18 16:04:49.387818,1251.002649099999,-0.926924
2026-08-18 16:04:50.387824,1252.0026556999983,-0.921877
2026-08-18 16:04:51.387600,1253.0024301999983,-0.924168
2026-08-18 16:04:52.387557,1254.002387499997,-0.925951
2026-08-18 16:04:53.387523,1255.002354199998,-0.920491
2026-08-18 16:04:54.387716,1256.0025438999983,-0.924002
2026-08-18 16:04:55.387827,1257.0026569999973,-0.922922
2026-08-18 16:04:56.387767,1258.0025935999984,-0.924889
2026-08-18 16:04:57.388038,1259.0028639999982,-0.922218
2026-08-18 16:04:58.388057,1260.0028833999968,-0.927437
2026-08-18 16:04:59.387758,1261.0025842999967,-0.927134
2026-08-18 16:05:00.387942,1262.002768899998,-0.924302
2026-08-18 16:05:01.387768,1263.0025945999987,-0.929435
2026-08-18 16:05:02.387569,1264.0024000999983,-0.926147
2026-08-18 16:05:03.387565,1265.002395899999,-0.92525
2026-08-18 16:05:04.388166,1266.0029923999973,-0.927049
2026-08-18 16:05:05.387550,1267.0023812,-0.926299
2026-08-18 16:05:06.387706,1268.0025322999973,-0.92689
2026-08-18 16:05:07.387552,1269.0023820999995,-0.928579
2026-08-18 16:05:08.387774,1270.0026008999994,-0.933066
2026-08-18 16:05:09.387992,1271.002819399997,-0.929277
2026-08-18 16:05:10.387888,1272.0027177999982,-0.93261
2026-08-18 16:05:11.387943,1273.0027740999976,-0.9285
2026-08-18 16:05:12.387573,1274.0024038999982,-0.931742
2026-08-18 16:05:13.387557,1275.0023882999994,-0.932159
2026-08-18 16:05:14.388025,1276.0028506999988,-0.926663
2026-08-18 16:05:15.387883,1277.0027104999972,-0.924349
2026-08-18 16:05:16.387729,1278.0025561999973,-0.926673
2026-08-18 16:05:17.387787,1279.0026185999996,-0.923068
2026-08-18 16:05:18.387741,1280.0025666999973,-0.924809
2026-08-18 16:05:19.387689,1281.0025174999973,-0.918375
2026-08-18 16:05:20.388147,1282.0029724999986,-0.922027
2026-08-18 16:05:21.388027,1283.0028566999972,-0.922317
2026-08-18 16:05:22.387832,1284.0026603999977,-0.92584
2026-08-18 16:05:23.387802,1285.002629399998,-0.92485
2026-08-18 16:05:24.387762,1286.0025926999988,-0.919734
2026-08-18 16:05:25.387575,1287.0024068999992,-0.922389
2026-08-18 16:05:26.387615,1288.0024451999998,-0.929214
2026-08-18 16:05:27.387522,1289.0023542999988,-0.928976
2026-08-18 16:05:28.387593,1290.002423599999,-0.925601
2026-08-18 16:05:29.387820,1291.0026470999983,-0.927761
2026-08-18 16:05:30.387907,1292.0027351999997,-0.926065
2026-08-18 16:05:31.387874,1293.0027046999967,-0.927849
2026-08-18 16:05:32.388061,1294.0028865999993,-0.92283
2026-08-18 16:05:33.387742,1295.0025696999983,-0.931154
2026-08-18 16:05:34.387961,1296.0027863999967,-0.931138
2026-08-18 16:05:35.387837,1297.0026674999972,-0.930618
2026-08-18 16:05:36.388033,1298.0028588999994,-0.926245
2026-08-18 16:05:37.387907,1299.002734499998,-0.92778
2026-08-18 16:05:38.387938,1300.0027644999973,-0.93028
2026-08-18 16:05:39.387803,1301.002633199998,-0.924362
2026-08-18 16:05:40.387528,1302.0023586999996,-0.92341
2026-08-18 16:05:41.387789,1303.0026206999974,-0.928213
2026-08-18 16:05:42.387706,1304.0025327999974,-0.918365
2026-08-18 16:05:43.387747,1305.0025728999972,-0.91842
2026-08-18 16:05:44.387683,1306.0025134999996,-0.918393
2026-08-18 16:05:45.388041,1307.0028667999977,-0.920478
2026-08-18 16:05:46.387685,1308.0025115999997,-0.922093
2026-08-18 16:05:47.387541,1309.0023714999988,-0.921509
2026-08-18 16:05:48.387717,1310.0025411999995,-0.924705
2026-08-18 16:05:49.387607,1311.0024357999973,-0.920898
2026-08-18 16:05:50.387936,1312.0027616999978,-0.926032
2026-08-18 16:05:51.387815,1313.0026449999968,-0.921809
2026-08-18 16:05:52.387777,1314.0026079999989,-0.921419
2026-08-18 16:05:53.387554,1315.002382499999,-0.926787
2026-08-18 16:05:54.387728,1316.0025548999984,-0.925594
2026-08-18 16:05:55.387809,1317.0026388999977,-0.925363
2026-08-18 16:05:56.387667,1318.002495599998,-0.926765
2026-08-18 16:05:57.387762,1319.0025881999973,-0.922319
2026-08-18 16:05:58.387782,1320.0026137999994,-0.925868
2026-08-18 16:05:59.387499,1321.0023296,-0.925603
2026-08-18 16:06:00.387993,1322.0028214999984,-0.923912
2026-08-18 16:06:01.388187,1323.0030130999985,-0.928197
2026-08-18 16:06:02.387562,1324.0023926999966,-0.926969
2026-08-18 16:06:03.387615,1325.0024430999983,-0.927812
2026-08-18 16:06:04.387736,1326.0025623000001,-0.930543
2026-08-18 16:06:05.387890,1327.002717299998,-0.926998
2026-08-18 16:06:06.387709,1328.0025350999967,-0.930323
2026-08-18 16:06:07.387560,1329.002387499997,-0.931985
2026-08-18 16:06:08.387643,1330.0024688999983,-0.930104
2026-08-18 16:06:09.387895,1331.0027253999979,-0.93504
2026-08-18 16:06:10.387837,1332.0026659999967,-0.932362
2026-08-18 16:06:11.387691,1333.002517099998,-0.932461
2026-08-18 16:06:12.387846,1334.0026747999982,-0.93103
2026-08-18 16:06:13.387816,1335.0026465999981,-0.934163
2026-08-18 16:06:14.387776,1336.0026072999972,-0.930339
2026-08-18 16:06:15.387656,1337.0024842999992,-0.930121
2026-08-18 16:06:16.387911,1338.0027362,-0.931037
2026-08-18 16:06:17.387769,1339.0025995999968,-0.933488
2026-08-18 16:06:18.387862,1340.0026902999998,-0.93806
2026-08-18 16:06:19.387704,1341.0025306999996,-0.936924
2026-08-18 16:06:20.387892,1342.002719,-0.936171
2026-08-18 16:06:21.387996,1343.0028218999978,-0.933494
2026-08-18 16:06:22.387607,1344.0024336999995,-0.939273
2026-08-18 16:06:23.387744,1345.002569799999,-0.937267
2026-08-18 16:06:24.387696,1346.0025223999983,-0.938371
2026-08-18 16:06:25.387852,1347.0026831999967,-0.936102
2026-08-18 16:06:26.387711,1348.002538599998,-0.937281
2026-08-18 16:06:27.387778,1349.0026039999975,-0.938388
2026-08-18 16:06:28.387661,1350.0024884999984,-0.940834
2026-08-18 16:06:29.387514,1351.002345099998,-0.940099
2026-08-18 16:06:30.388182,1352.0030067999978,-0.933119
2026-08-18 16:06:31.388107,1353.0029320999965,-0.934601
2026-08-18 16:06:32.388051,1354.0028781,-0.934537
2026-08-18 16:06:33.387647,1355.0024730999976,-0.932302
2026-08-18 16:06:34.387954,1356.002784999997,-0.928863
2026-08-18 16:06:35.387977,1357.0028078999967,-0.929646
2026-08-18 16:06:36.387735,1358.0025616999992,-0.933528
2026-08-18 16:06:37.388041,1359.0028687999984,-0.931058
2026-08-18 16:06:38.387710,1360.0025357999984,-0.929198
2026-08-18 16:06:39.387896,1361.0027246999998,-0.923038
2026-08-18 16:06:40.387481,1362.0023129,-0.928409
2026-08-18 16:06:41.387963,1363.0027919999993,-0.921246
2026-08-18 16:06:42.387784,1364.002609199997,-0.921102
2026-08-18 16:06:43.388060,1365.0028897999982,-0.921445
2026-08-18 16:06:44.387724,1366.0025500999982,-0.9212
2026-08-18 16:06:45.387638,1367.0024647999999,-0.91824
2026-08-18 16:06:46.387813,1368.0026397999973,-0.917236
2026-08-18 16:06:47.387565,1369.002396099997,-0.918783
2026-08-18 16:06:48.387568,1370.0023967999987,-0.916898
2026-08-18 16:06:49.387656,1371.002482099997,-0.918841
2026-08-18 16:06:50.388081,1372.0029104999994,-0.919167
2026-08-18 16:06:51.388166,1373.0029908999968,-0.919917
2026-08-18 16:06:52.388088,1374.0029138999998,-0.919396
2026-08-18 16:06:53.387986,1375.002814899999,-0.924548
2026-08-18 16:06:54.387873,1376.0027034999985,-0.921475
2026-08-18 16:06:55.387976,1377.0028048999993,-0.921545
2026-08-18 16:06:56.387928,1378.0027596999971,-0.924476
2026-08-18 16:06:57.387699,1379.0025248999991,-0.918365
2026-08-18 16:06:58.388000,1380.0028284,-0.918669
2026-08-18 16:06:59.388104,1381.0029318999987,-0.917077
2026-08-18 16:07:00.387892,1382.0027225999984,-0.910318
2026-08-18 16:07:01.387917,1383.0027483999984,-0.911556
2026-08-18 16:07:02.387990,1384.002818099998,-0.912547
2026-08-18 16:07:03.387720,1385.0025466999978,-0.917136
2026-08-18 16:07:04.387780,1386.002611099997,-0.914999
2026-08-18 16:07:05.387624,1387.0024511999982,-0.916005
2026-08-18 16:07:06.387675,1388.0025016,-0.914346
2026-08-18 16:07:07.387587,1389.0024140999994,-0.915618
2026-08-18 16:07:08.387724,1390.0025500999982,-0.918375
2026-08-18 16:07:09.387529,1391.002359299997,-0.915272
2026-08-18 16:07:10.388084,1392.0029087999974,-0.922153
2026-08-18 16:07:11.387714,1393.0025410999988,-0.926915
2026-08-18 16:07:12.387921,1394.0027525999976,-0.923346
2026-08-18 16:07:13.387983,1395.0028116999965,-0.923946
2026-08-18 16:07:14.389010,1396.0038367999987,-0.921196
2026-08-18 16:07:15.388008,1397.0028374999965,-0.924383
2026-08-18 16:07:16.387942,1398.0027726999979,-0.923373
2026-08-18 16:07:17.387955,1399.0027861999988,-0.926776
2026-08-18 16:07:18.387702,1400.0025284999974,-0.929195
2026-08-18 16:07:19.388062,1401.0028880999998,-0.922837
2026-08-18 16:07:20.387697,1402.002523199997,-0.928086
2026-08-18 16:07:21.387926,1403.0027544999975,-0.93127
2026-08-18 16:07:22.387732,1404.0025563999989,-0.927718
2026-08-18 16:07:23.387495,1405.0023263999974,-0.924712
2026-08-18 16:07:24.387582,1406.0024105999983,-0.92853
2026-08-18 16:07:25.387590,1407.0024172999983,-0.927415
2026-08-18 16:07:26.387732,1408.0025631999997,-0.922483
2026-08-18 16:07:27.387713,1409.0025393999967,-0.920999
2026-08-18 16:07:28.387583,1410.0024116999994,-0.9226
2026-08-18 16:07:29.387729,1411.002555799998,-0.927225
2026-08-18 16:07:30.387907,1412.0027316999985,-0.926058
2026-08-18 16:07:31.388197,1413.0030236999992,-0.922495
2026-08-18 16:07:32.388078,1414.0029037999993,-0.925615
2026-08-18 16:07:33.387930,1415.0027601999973,-0.926848
2026-08-18 16:07:34.387916,1416.0027424,-0.928865
2026-08-18 16:07:35.387989,1417.002816799999,-0.926534
2026-08-18 16:07:36.387902,1418.0027330999983,-0.925488
2026-08-18 16:07:37.387899,1419.0027298999994,-0.930366
2026-08-18 16:07:38.387941,1420.002771899999,-0.930151
2026-08-18 16:07:39.388060,1421.0028853999975,-0.929317
2026-08-18 16:07:40.388076,1422.0029013999992,-0.919857
2026-08-18 16:07:41.388143,1423.0029684,-0.927988
2026-08-18 16:07:42.387730,1424.0025599,-0.923026
2026-08-18 16:07:43.387759,1425.0025861999966,-0.925113
2026-08-18 16:07:44.387519,1426.0023505999998,-0.924438
2026-08-18 16:07:45.387750,1427.0025804999968,-0.92726
2026-08-18 16:07:46.387691,1428.0025178999967,-0.92615
2026-08-18 16:07:47.387946,1429.0027766999992,-0.924946
2026-08-18 16:07:48.387607,1430.0024360999996,-0.92714
2026-08-18 16:07:49.387482,1431.0023125999978,-0.929425
2026-08-18 16:07:50.387646,1432.0024723999995,-0.929361
2026-08-18 16:07:51.388261,1433.0030861999985,-0.926613
2026-08-18 16:07:52.388004,1434.0028313999974,-0.92908
2026-08-18 16:07:53.388124,1435.0029496999996,-0.928468
2026-08-18 16:07:54.388079,1436.0029044999974,-0.929637
2026-08-18 16:07:55.387889,1437.0027203999998,-0.924415
2026-08-18 16:07:56.388135,1438.0029613999977,-0.925334
2026-08-18 16:07:57.387921,1439.0027518999996,-0.924943
2026-08-18 16:07:58.387932,1440.002763499997,-0.92669
2026-08-18 16:07:59.387945,1441.0027765999985,-0.927581
2026-08-18 16:08:00.387907,1442.0027377999977,-0.927181
2026-08-18 16:08:01.387902,1443.002733399997,-0.925144
2026-08-18 16:08:02.388067,1444.0028944999976,-0.924011
2026-08-18 16:08:03.387780,1445.0026067,-0.928197
2026-08-18 16:08:04.387670,1446.0024961999989,-0.920317
2026-08-18 16:08:05.387720,1447.002546599997,-0.929297
2026-08-18 16:08:06.387625,1448.0024511999982,-0.92739
2026-08-18 16:08:07.387792,1449.0026184999988,-0.924342
2026-08-18 16:08:08.387711,1450.0025376999984,-0.918037
2026-08-18 16:08:09.387691,1451.0025165999978,-0.923222
2026-08-18 16:08:10.387610,1452.0024365999998,-0.92446
2026-08-18 16:08:11.387523,1453.0023535,-0.923387
2026-08-18 16:08:12.387930,1454.0027596,-0.923385
2026-08-18 16:08:13.387992,1455.0028198,-0.924508
2026-08-18 16:08:14.387697,1456.0025225999998,-0.925201
2026-08-18 16:08:15.388114,1457.002939799997,-0.923772
2026-08-18 16:08:16.387867,1458.0026985999975,-0.923597
2026-08-18 16:08:17.387924,1459.0027536999987,-0.924612
2026-08-18 16:08:18.387817,1460.0026479999979,-0.929297
2026-08-18 16:08:19.387732,1461.0025635999991,-0.927531
2026-08-18 16:08:20.387908,1462.0027395999969,-0.92585
2026-08-18 16:08:21.387917,1463.0027472999973,-0.924418
2026-08-18 16:08:22.388059,1464.0028854999982,-0.921603
2026-08-18 16:08:23.387953,1465.0027792999972,-0.919273
2026-08-18 16:08:24.387581,1466.0024110999984,-0.924057
2026-08-18 16:08:25.387628,1467.0024543,-0.921787
2026-08-18 16:08:26.387511,1468.0023402999977,-0.922841
2026-08-18 16:08:27.387650,1469.002476499998,-0.926867
2026-08-18 16:08:28.387540,1470.0023699999983,-0.919063
2026-08-18 16:08:29.387615,1471.002445099999,-0.917871
2026-08-18 16:08:30.388633,1472.0034583999986,-0.920348
2026-08-18 16:08:31.387539,1473.0023693999974,-0.913546
2026-08-18 16:08:32.388099,1474.002927499998,-0.913313
2026-08-18 16:08:33.388054,1475.0028797999985,-0.915946
2026-08-18 16:08:34.387890,1476.002720999997,-0.909961
2026-08-18 16:08:35.388116,1477.0029421,-0.907683
2026-08-18 16:08:36.387442,1478.0022733999976,-0.913823
2026-08-18 16:08:37.387742,1479.0025724999978,-0.913764
2026-08-18 16:08:38.387903,1480.0027336999992,-0.909527
2026-08-18 16:08:39.387579,1481.002410099998,-0.909457
2026-08-18 16:08:40.387881,1482.0027112999996,-0.911528
2026-08-18 16:08:41.387830,1483.0026616999967,-0.913487
2026-08-18 16:08:42.387670,1484.0024967999998,-0.912997
2026-08-18 16:08:43.387604,1485.002430499997,-0.914471
2026-08-18 16:08:44.387879,1486.0027069999996,-0.912261
2026-08-18 16:08:45.387664,1487.0024913999987,-0.913947
2026-08-18 16:08:46.387983,1488.0028145999968,-0.914013
2026-08-18 16:08:47.387602,1489.0024293999995,-0.925
2026-08-18 16:08:48.387892,1490.0027228,-0.923444
2026-08-18 16:08:49.387586,1491.0024142999973,-0.92311
2026-08-18 16:08:50.387497,1492.0023275999993,-0.921467
2026-08-18 16:08:51.387680,1493.0025057999992,-0.922903
2026-08-18 16:08:52.387782,1494.0026088999984,-0.922176
2026-08-18 16:08:53.387945,1495.0027736999982,-0.918302
2026-08-18 16:08:54.387937,1496.0027631999983,-0.927939
2026-08-18 16:08:55.387894,1497.0027242999968,-0.926855
2026-08-18 16:08:56.387974,1498.002801999999,-0.925065
2026-08-18 16:08:57.387888,1499.002719,-0.925448
2026-08-18 16:08:58.387702,1500.0025279999973,-0.928587
2026-08-18 16:08:59.387925,1501.0027551999992,-0.925598
2026-08-18 16:09:00.387882,1502.002712999998,-0.923487
2026-08-18 16:09:01.387867,1503.0026984999968,-0.926816
2026-08-18 16:09:02.387893,1504.0027237999966,-0.927878
2026-08-18 16:09:03.387683,1505.0025099999984,-0.928151
2026-08-18 16:09:04.387880,1506.0027101999985,-0.927547
2026-08-18 16:09:05.387539,1507.0023688,-0.919353
2026-08-18 16:09:06.387612,1508.0024424999974,-0.924489
2026-08-18 16:09:07.387652,1509.002477099999,-0.926109
2026-08-18 16:09:08.387636,1510.0024627999992,-0.917035
2026-08-18 16:09:09.387901,1511.0027314,-0.920365
2026-08-18 16:09:10.387495,1512.0023256999993,-0.919017
2026-08-18 16:09:11.387602,1513.0024286999978,-0.911727
2026-08-18 16:09:12.387456,1514.0022867999978,-0.913019
2026-08-18 16:09:13.387641,1515.0024679999988,-0.91247
2026-08-18 16:09:14.388020,1516.0028466999975,-0.911703
2026-08-18 16:09:15.387901,1517.0027327999996,-0.915643
2026-08-18 16:09:16.388102,1518.0029277999965,-0.914183
2026-08-18 16:09:17.387989,1519.0028139999995,-0.911253
2026-08-18 16:09:18.387879,1520.0027095999976,-0.91803
2026-08-18 16:09:19.388864,1521.0036908999973,-0.916617
2026-08-18 16:09:20.387896,1522.0027262999974,-0.915405
2026-08-18 16:09:21.387871,1523.0027016999993,-0.916217
2026-08-18 16:09:22.387460,1524.0022916999988,-0.919418
2026-08-18 16:09:23.387998,1525.0028237999977,-0.920336
2026-08-18 16:09:24.387722,1526.0025485999977,-0.91521
2026-08-18 16:09:25.387639,1527.0024655999987,-0.91787
2026-08-18 16:09:26.387643,1528.0024690999999,-0.918983
2026-08-18 16:09:27.387455,1529.0022855999996,-0.919696
2026-08-18 16:09:28.387592,1530.0024187999988,-0.920898
2026-08-18 16:09:29.387878,1531.0027059999993,-0.924174
2026-08-18 16:09:30.387436,1532.0022666999976,-0.923051
2026-08-18 16:09:31.387690,1533.0025162999991,-0.920958
2026-08-18 16:09:32.387565,1534.0023925999994,-0.920061
2026-08-18 16:09:33.388250,1535.0030748999998,-0.925198
2026-08-18 16:09:34.387949,1536.002777499998,-0.921144
2026-08-18 16:09:35.387890,1537.0027199999968,-0.922186
2026-08-18 16:09:36.387652,1538.0024785999994,-0.923721
2026-08-18 16:09:37.388097,1539.002922399999,-0.929115
2026-08-18 16:09:38.388017,1540.002842599999,-0.925347
2026-08-18 16:09:39.387431,1541.002262799997,-0.925547
2026-08-18 16:09:40.387996,1542.0028220999993,-0.925172
2026-08-18 16:09:41.387582,1543.002408299999,-0.927489
2026-08-18 16:09:42.387524,1544.0023537999987,-0.922207
2026-08-18 16:09:43.387868,1545.0026985999975,-0.924375
2026-08-18 16:09:44.387873,1546.002703799997,-0.920789
2026-08-18 16:09:45.387659,1547.0024862999999,-0.923084
2026-08-18 16:09:46.387428,1548.0022597999996,-0.917481
2026-08-18 16:09:47.387668,1549.0024945999976,-0.924243
2026-08-18 16:09:48.387636,1550.002462999997,-0.924369
2026-08-18 16:09:49.387953,1551.0027835,-0.919151
2026-08-18 16:09:50.387544,1552.002371399998,-0.925198
2026-08-18 16:09:51.387456,1553.0022863999984,-0.923802
2026-08-18 16:09:52.388447,1554.0032776999979,-0.92634
2026-08-18 16:09:53.387905,1555.0027340999986,-0.925185
2026-08-18 16:09:54.388067,1556.0028926999985,-0.923326
2026-08-18 16:09:55.387856,1557.0026867999986,-0.925454
2026-08-18 16:09:56.387874,1558.002701399997,-0.928406
2026-08-18 16:09:57.387634,1559.002460399999,-0.927152
2026-08-18 16:09:58.387892,1560.0027230999985,-0.928937
2026-08-18 16:09:59.387666,1561.0024911999972,-0.927403
2026-08-18 16:10:00.387663,1562.002489999999,-0.925893
2026-08-18 16:10:01.388071,1563.0028966999998,-0.930588
2026-08-18 16:10:02.387502,1564.0023323999994,-0.922457
2026-08-18 16:10:03.387446,1565.0022761999971,-0.920466
2026-08-18 16:10:04.387539,1566.0023699999983,-0.925849
2026-08-18 16:10:05.387991,1567.002817499997,-0.917214
2026-08-18 16:10:06.387636,1568.0024620999975,-0.918623
2026-08-18 16:10:07.387903,1569.002733899997,-0.91783
2026-08-18 16:10:08.387471,1570.0023010999976,-0.916237
2026-08-18 16:10:09.387736,1571.0025623999973,-0.91937
2026-08-18 16:10:10.387739,1572.0025694999968,-0.9186
2026-08-18 16:10:11.387535,1573.0023653999997,-0.924318
2026-08-18 16:10:12.387666,1574.002491299998,-0.92126
2026-08-18 16:10:13.387582,1575.002407699998,-0.920005
2026-08-18 16:10:14.388068,1576.0028940999982,-0.921024
2026-08-18 16:10:15.387869,1577.002700099998,-0.919625
2026-08-18 16:10:16.387515,1578.0023427999986,-0.92205
2026-08-18 16:10:17.388071,1579.0028972999971,-0.922515
2026-08-18 16:10:18.387689,1580.0025203999976,-0.9226
2026-08-18 16:10:19.387572,1581.0023984,-0.924516
2026-08-18 16:10:20.387850,1582.0026809999981,-0.925344
2026-08-18 16:10:21.387424,1583.0022550999965,-0.927041
2026-08-18 16:10:22.388884,1584.003710699999,-0.925351
2026-08-18 16:10:23.387888,1585.0027179999997,-0.926991
2026-08-18 16:10:24.388933,1586.0037594999994,-0.924122
2026-08-18 16:10:25.387403,1587.002233799998,-0.922319
2026-08-18 16:10:26.387556,1588.0023843999988,-0.926069
2026-08-18 16:10:27.387615,1589.0024411999984,-0.927212
2026-08-18 16:10:28.387928,1590.0027585999997,-0.92491
2026-08-18 16:10:29.387553,1591.0023791999993,-0.923631
2026-08-18 16:10:30.387820,1592.0026461999987,-0.927913
2026-08-18 16:10:31.387774,1593.0026027999993,-0.929577
2026-08-18 16:10:32.387645,1594.0024763000001,-0.926849
2026-08-18 16:10:33.387524,1595.002354199998,-0.929323
2026-08-18 16:10:34.388149,1596.0029737999976,-0.926446
2026-08-18 16:10:35.387788,1597.0026194999991,-0.932665
2026-08-18 16:10:36.388185,1598.0030106999984,-0.929792
2026-08-18 16:10:37.387973,1599.0027984999979,-0.931958
2026-08-18 16:10:38.387582,1600.0024115999986,-0.930426
2026-08-18 16:10:39.388100,1601.002926199999,-0.927218
2026-08-18 16:10:40.387782,1602.0026132999992,-0.927293
2026-08-18 16:10:41.387908,1603.002737499999,-0.924403
2026-08-18 16:10:42.387670,1604.0024962999996,-0.926565
2026-08-18 16:10:43.388585,1605.0034138999981,-0.926968
2026-08-18 16:10:44.387437,1606.0022684999967,-0.928136
2026-08-18 16:10:45.387787,1607.0026182000001,-0.922358
2026-08-18 16:10:46.387725,1608.0025565999968,-0.922384
2026-08-18 16:10:47.387855,1609.002685899999,-0.923049
2026-08-18 16:10:48.387613,1610.0024397999987,-0.924171
2026-08-18 16:10:49.387631,1611.0024574999989,-0.928487
2026-08-18 16:10:50.387595,1612.0024236999998,-0.922843
2026-08-18 16:10:51.387539,1613.0023650999974,-0.923608
2026-08-18 16:10:52.387653,1614.0024789999989,-0.925092
2026-08-18 16:10:53.387522,1615.002352399999,-0.925627
2026-08-18 16:10:54.387695,1616.0025222999975,-0.929171
2026-08-18 16:10:55.387781,1617.0026092999979,-0.927387
2026-08-18 16:10:56.387769,1618.002598799998,-0.92664
2026-08-18 16:10:57.387844,1619.0026743999988,-0.927639
2026-08-18 16:10:58.387935,1620.002760899999,-0.929692
2026-08-18 16:10:59.387994,1621.0028198,-0.930637
2026-08-18 16:11:00.387888,1622.0027192999987,-0.928893
2026-08-18 16:11:01.387833,1623.0026627999978,-0.932161
2026-08-18 16:11:02.388058,1624.0028845999987,-0.928107
2026-08-18 16:11:03.387813,1625.0026436999979,-0.928424
2026-08-18 16:11:04.387909,1626.002737499999,-0.931707
2026-08-18 16:11:05.388039,1627.0028652,-0.931119
2026-08-18 16:11:06.387498,1628.0023286999967,-0.932698
2026-08-18 16:11:07.387570,1629.002400399997,-0.930537
2026-08-18 16:11:08.387523,1630.0023533999993,-0.928852
2026-08-18 16:11:09.387572,1631.0023992999995,-0.923451
2026-08-18 16:11:10.387605,1632.0024312999994,-0.922711
2026-08-18 16:11:11.388065,1633.0028914999966,-0.929202
2026-08-18 16:11:12.387523,1634.002350499999,-0.92105
2026-08-18 16:11:13.387570,1635.0023974999967,-0.92347
2026-08-18 16:11:14.387472,1636.0023028999967,-0.922241
2026-08-18 16:11:15.388073,1637.0029002999981,-0.918338
2026-08-18 16:11:16.387673,1638.0025036999978,-0.915468
2026-08-18 16:11:17.387785,1639.0026156999993,-0.920882
2026-08-18 16:11:18.388580,1640.0034069999965,-0.912312
2026-08-18 16:11:19.387847,1641.0026776999985,-0.90833
2026-08-18 16:11:20.387525,1642.0023537999987,-0.913774
2026-08-18 16:11:21.387608,1643.0024341999997,-0.915426
2026-08-18 16:11:22.387819,1644.0026489999982,-0.912659
2026-08-18 16:11:23.388051,1645.002878299998,-0.917894
2026-08-18 16:11:24.387831,1646.0026621999968,-0.916575
2026-08-18 16:11:25.388057,1647.0028826999987,-0.916853
2026-08-18 16:11:26.387879,1648.0027088999996,-0.915861
2026-08-18 16:11:27.388611,1649.0034399999968,-0.917406
2026-08-18 16:11:28.387364,1650.0021944999971,-0.917734
2026-08-18 16:11:29.387827,1651.002657699999,-0.913462
2026-08-18 16:11:30.387452,1652.0022809999973,-0.917555
2026-08-18 16:11:31.387669,1653.002500399998,-0.917031
2026-08-18 16:11:32.387743,1654.0025724999978,-0.917921
2026-08-18 16:11:33.387489,1655.0023181999968,-0.916243
2026-08-18 16:11:34.387459,1656.0022886999977,-0.916502
2026-08-18 16:11:35.387833,1657.0026578999968,-0.920135
2026-08-18 16:11:36.387812,1658.0026435,-0.910279
2026-08-18 16:11:37.387589,1659.0024153999984,-0.909912
2026-08-18 16:11:38.387587,1660.0024139999987,-0.913655
2026-08-18 16:11:39.387778,1661.002608499999,-0.914935
2026-08-18 16:11:40.388039,1662.0028648999978,-0.912609
2026-08-18 16:11:41.388056,1663.0028829999974,-0.918324
2026-08-18 16:11:42.387866,1664.0026958999988,-0.917386
2026-08-18 16:11:43.388032,1665.0028572999981,-0.917066
2026-08-18 16:11:44.387970,1666.0027961999986,-0.91469
2026-08-18 16:11:45.387880,1667.0027088999996,-0.921384
2026-08-18 16:11:46.388027,1668.0028523,-0.917283
2026-08-18 16:11:47.387747,1669.002577799998,-0.921602
2026-08-18 16:11:48.387495,1670.002325399997,-0.919462
2026-08-18 16:11:49.387602,1671.0024337999967,-0.92014
2026-08-18 16:11:50.387765,1672.0025940999985,-0.91757
2026-08-18 16:11:51.387592,1673.0024187999988,-0.922431
2026-08-18 16:11:52.387385,1674.002214199998,-0.922258
2026-08-18 16:11:53.387440,1675.0022699,-0.921256
2026-08-18 16:11:54.387389,1676.0022194999983,-0.921065
2026-08-18 16:11:55.387565,1677.0023911999997,-0.920039
2026-08-18 16:11:56.387579,1678.0024101999988,-0.921287
2026-08-18 16:11:57.387589,1679.0024145999996,-0.919026
2026-08-18 16:11:58.387818,1680.0026485999988,-0.92469
2026-08-18 16:11:59.388030,1681.002855499999,-0.922045
2026-08-18 16:12:00.387742,1682.0025728,-0.921878
2026-08-18 16:12:01.387809,1683.0026393999979,-0.919893
2026-08-18 16:12:02.387973,1684.0027986999994,-0.923492
2026-08-18 16:12:03.387423,1685.002253999999,-0.924634
2026-08-18 16:12:04.387911,1686.0027379999992,-0.92512
2026-08-18 16:12:05.388032,1687.0028577999983,-0.922464
2026-08-18 16:12:06.388475,1688.0033047999968,-0.924267
2026-08-18 16:12:07.387833,1689.0026599999983,-0.92499
2026-08-18 16:12:08.387461,1690.002289699998,-0.923589
2026-08-18 16:12:09.387756,1691.002587199997,-0.925588
2026-08-18 16:12:10.387641,1692.0024712999984,-0.930935
2026-08-18 16:12:11.387479,1693.0023047999966,-0.927252
2026-08-18 16:12:12.387521,1694.0023478999974,-0.924984
2026-08-18 16:12:13.387357,1695.002181099997,-0.931495
2026-08-18 16:12:14.388510,1696.003335999998,-0.926502
2026-08-18 16:12:15.387480,1697.002309899999,-0.926123
2026-08-18 16:12:16.388031,1698.0028552999975,-0.931244
2026-08-18 16:12:17.388853,1699.0036785999982,-0.932291
2026-08-18 16:12:18.387655,1700.002486399997,-0.933847
2026-08-18 16:12:19.387836,1701.0026660999974,-0.931465
2026-08-18 16:12:20.387846,1702.0026758999993,-0.926117
2026-08-18 16:12:21.387459,1703.0022890999971,-0.93213
2026-08-18 16:12:22.388038,1704.0028638999975,-0.931677
2026-08-18 16:12:23.387585,1705.0024122999966,-0.931549
2026-08-18 16:12:24.387593,1706.0024202999994,-0.933606
2026-08-18 16:12:25.388008,1707.0028330999994,-0.927136
2026-08-18 16:12:26.387356,1708.0021878999978,-0.926478
2026-08-18 16:12:27.387588,1709.0024142999973,-0.924452
2026-08-18 16:12:28.387493,1710.0023215,-0.922995
2026-08-18 16:12:29.387747,1711.0025769999993,-0.918912
2026-08-18 16:12:30.387851,1712.0026822,-0.921252
2026-08-18 16:12:31.387713,1713.0025437999975,-0.919615
2026-08-18 16:12:32.387887,1714.0027167999979,-0.91856
2026-08-18 16:12:33.388768,1715.0035936999993,-0.923997
2026-08-18 16:12:34.387508,1716.0023331999982,-0.912608
2026-08-18 16:12:35.387496,1717.0023226999983,-0.911737
2026-08-18 16:12:36.387529,1718.0023548999998,-0.915118
2026-08-18 16:12:37.387913,1719.002738199997,-0.92036
2026-08-18 16:12:38.388349,1720.0031802999983,-0.918948
2026-08-18 16:12:39.387872,1721.002699499997,-0.922146
2026-08-18 16:12:40.387636,1722.002466599999,-0.925307
2026-08-18 16:12:41.387621,1723.0024507999988,-0.922367
2026-08-18 16:12:42.387562,1724.0023884999973,-0.926969
2026-08-18 16:12:43.387593,1725.0024196999984,-0.921231
2026-08-18 16:12:44.387980,1726.002805799999,-0.922294
2026-08-18 16:12:45.387583,1727.0024094999972,-0.923121
2026-08-18 16:12:46.387743,1728.0025738999975,-0.915877
2026-08-18 16:12:47.387823,1729.0026495999991,-0.914252
2026-08-18 16:12:48.387691,1730.0025167999993,-0.921117
2026-08-18 16:12:49.388003,1731.0028289999973,-0.91682
2026-08-18 16:12:50.387781,1732.002610399999,-0.916376
2026-08-18 16:12:51.387773,1733.0026034999973,-0.918871
2026-08-18 16:12:52.387585,1734.0024109999977,-0.923015
2026-08-18 16:12:53.387529,1735.0023563999966,-0.919541
2026-08-18 16:12:54.387431,1736.0022613999972,-0.920397
2026-08-18 16:12:55.387601,1737.002426799998,-0.924934
2026-08-18 16:12:56.387504,1738.0023298999986,-0.918338
2026-08-18 16:12:57.388071,1739.0028961999997,-0.919541
2026-08-18 16:12:58.387906,1740.0027330999983,-0.922532
2026-08-18 16:12:59.387576,1741.002406399999,-0.92281
2026-08-18 16:13:00.387892,1742.0027175999967,-0.923677
2026-08-18 16:13:01.387699,1743.002528699999,-0.922687
2026-08-18 16:13:02.387521,1744.0023481999997,-0.922525
2026-08-18 16:13:03.387834,1745.0026593999974,-0.927217
2026-08-18 16:13:04.387876,1746.0027021999995,-0.921129
2026-08-18 16:13:05.387366,1747.0021973999974,-0.92071
2026-08-18 16:13:06.387701,1748.0025305999989,-0.925152
2026-08-18 16:13:07.387471,1749.0022981999973,-0.924529
2026-08-18 16:13:08.387548,1750.0023736999974,-0.924819
2026-08-18 16:13:09.387542,1751.002368999998,-0.925949
2026-08-18 16:13:10.387575,1752.0024017999967,-0.924256
2026-08-18 16:13:11.387419,1753.0022490999982,-0.92121
2026-08-18 16:13:12.387342,1754.0021733999965,-0.92295
2026-08-18 16:13:13.387727,1755.0025576999979,-0.929812
2026-08-18 16:13:14.387436,1756.0022647999976,-0.925967
2026-08-18 16:13:15.387564,1757.0023903000001,-0.925175
2026-08-18 16:13:16.387581,1758.0024060999967,-0.923648
2026-08-18 16:13:17.387737,1759.0025668999988,-0.920611
2026-08-18 16:13:18.388630,1760.0034562,-0.922969
2026-08-18 16:13:19.387542,1761.0023688999972,-0.918873
2026-08-18 16:13:20.388915,1762.0037408999997,-0.924854
2026-08-18 16:13:21.387767,1763.002593199999,-0.924519
2026-08-18 16:13:22.387355,1764.0021854999977,-0.919426
2026-08-18 16:13:23.387579,1765.0024053999987,-0.923155
2026-08-18 16:13:24.387709,1766.0025400999984,-0.923211
2026-08-18 16:13:25.387657,1767.0024862999999,-0.924494
2026-08-18 16:13:26.387569,1768.0023959999999,-0.925716
2026-08-18 16:13:27.387639,1769.0024692999978,-0.928278
2026-08-18 16:13:28.387874,1770.002699499997,-0.927588
2026-08-18 16:13:29.387356,1771.0021879999986,-0.928301
2026-08-18 16:13:30.387539,1772.0023658999999,-0.924357
2026-08-18 16:13:31.387813,1773.0026411,-0.926443
2026-08-18 16:13:32.387638,1774.0024688999983,-0.927525
2026-08-18 16:13:33.387697,1775.002528099998,-0.92772
2026-08-18 16:13:34.387777,1776.002604399997,-0.918184
2026-08-18 16:13:35.387390,1777.0022206999965,-0.923415
2026-08-18 16:13:36.387354,1778.0021845999981,-0.923086
2026-08-18 16:13:37.387606,1779.0024322999998,-0.917849
2026-08-18 16:13:38.387640,1780.0024715,-0.920464
2026-08-18 16:13:39.389191,1781.0040156999967,-0.917464
2026-08-18 16:13:40.387638,1782.0024685999997,-0.917491
2026-08-18 16:13:41.387472,1783.0023004999966,-0.912011
2026-08-18 16:13:42.387925,1784.0027508999992,-0.911866
2026-08-18 16:13:43.387874,1785.0026996999986,-0.914797
2026-08-18 16:13:44.387564,1786.002390499998,-0.909773
2026-08-18 16:13:45.387425,1787.0022550999965,-0.905516
2026-08-18 16:13:46.387512,1788.002339999999,-0.909294
2026-08-18 16:13:47.388498,1789.003325499998,-0.911079
2026-08-18 16:13:48.387573,1790.0023987999994,-0.911899
2026-08-18 16:13:49.387883,1791.002707599997,-0.910775
2026-08-18 16:13:50.388696,1792.0035218999983,-0.9081
2026-08-18 16:13:51.387557,1793.002382999999,-0.90785
2026-08-18 16:13:52.387356,1794.002186499998,-0.909495
2026-08-18 16:13:53.387589,1795.002415199997,-0.911094
2026-08-18 16:13:54.387343,1796.0021737999996,-0.91397
2026-08-18 16:13:55.387374,1797.0022056999987,-0.912112
2026-08-18 16:13:56.387387,1798.0022183999972,-0.916351
2026-08-18 16:13:57.387340,1799.0021699999998,-0.914099
