run,filename,length_m,sigma_L_fit_m,sigma_L_ng_m,sigma_L_timebase_m,sigma_L_total_m
01,fut_100m_7_av_10kHz_BW_FBM_series_02__start-20260323_142802__run-01.csv,-101.78923074659312,0.0022267124478317236,0.006933871304263837,5.0894615373296554e-05,0.00728281606600745
02,fut_100m_7_av_10kHz_BW_FBM_series_02__start-20260323_143841__run-02.csv,-101.78892402326113,0.002228869164254899,0.0069338504103038925,5.089446201163056e-05,0.007283455876855522
03,fut_100m_7_av_10kHz_BW_FBM_series_02__start-20260323_144918__run-03.csv,-101.78875136105756,0.002226265403610604,0.006933838648573404,5.089437568052878e-05,0.00728264830190499
04,fut_100m_7_av_10kHz_BW_FBM_series_02__start-20260323_145956__run-04.csv,-101.78865736145629,0.0022341771892135757,0.00693383224533081,5.089432868072814e-05,0.007285064690988231
05,fut_100m_7_av_10kHz_BW_FBM_series_02__start-20260323_151030__run-05.csv,-101.78862049600382,0.0022369144538023937,0.006933829734060206,5.089431024800191e-05,0.007285902228645612
06,fut_100m_7_av_10kHz_BW_FBM_series_02__start-20260323_152059__run-06.csv,-101.78845601887497,0.0022351487645650685,0.006933818529896115,5.089422800943748e-05,0.007285349657203294
07,fut_100m_7_av_10kHz_BW_FBM_series_02__start-20260323_153142__run-07.csv,-101.79138308746595,0.002252107656673393,0.006934017921489506,5.089569154373297e-05,0.007290760166416276
08,fut_100m_7_av_10kHz_BW_FBM_series_02__start-20260323_154208__run-08.csv,-101.79154356289744,0.002218261602426897,0.00693402885305841,5.089577178144872e-05,0.0072803867377656045
09,fut_100m_7_av_10kHz_BW_FBM_series_02__start-20260323_155253__run-09.csv,-101.7889866307567,0.0022401627277776654,0.0069338546751196665,5.0894493315378345e-05,0.00728692390189804
10,fut_100m_7_av_10kHz_BW_FBM_series_02__start-20260323_160323__run-10.csv,-101.78859406053147,0.002240705114268455,0.0069338279332787104,5.089429703026573e-05,0.007287065214947312
11,fut_100m_7_av_10kHz_BW_FBM_series_02__start-20260323_161352__run-11.csv,-101.78861041745576,0.0022447412377537565,0.006933829047510611,5.089430520872788e-05,0.007288308357559856
12,fut_100m_7_av_10kHz_BW_FBM_series_02__start-20260323_162429__run-12.csv,-101.78833045717545,0.00224080377810943,0.006933809976646829,5.089416522858772e-05,0.007287078466730746
13,fut_100m_7_av_10kHz_BW_FBM_series_02__start-20260323_163513__run-13.csv,-101.78825336688304,0.0022415989654779485,0.0069338047252645125,5.089412668344152e-05,0.00728731803218874
14,fut_100m_7_av_10kHz_BW_FBM_series_02__start-20260323_164549__run-14.csv,-101.78810818706584,0.00224542293623755,0.0069337948356311884,5.089405409353292e-05,0.007288485795413851
15,fut_100m_7_av_10kHz_BW_FBM_series_02__start-20260323_165627__run-15.csv,-101.7880552104014,0.0022451587841985877,0.00693379122686658,5.0894027605200695e-05,0.00728840098691626
16,fut_100m_7_av_10kHz_BW_FBM_series_02__start-20260323_170702__run-16.csv,-101.7878535017345,0.0022412412071795935,0.006933777486494176,5.089392675086725e-05,0.007287182073528385
17,fut_100m_7_av_10kHz_BW_FBM_series_02__start-20260323_171730__run-17.csv,-101.79075925765763,0.002265831796534075,0.006933975426270955,5.089537962882881e-05,0.007294970821187833
18,fut_100m_7_av_10kHz_BW_FBM_series_02__start-20260323_172758__run-18.csv,-101.791594117146,0.002236460103445752,0.006934032296808311,5.0895797058573e-05,0.007285955535799238
19,fut_100m_7_av_10kHz_BW_FBM_series_02__start-20260323_173827__run-19.csv,-101.78804680988452,0.0022581083294539073,0.006933790654624287,5.0894023404942255e-05,0.007292399897929526
20,fut_100m_7_av_10kHz_BW_FBM_series_02__start-20260323_174901__run-20.csv,-101.78754830491151,0.0022647925518533324,0.0069337566965198575,5.089377415245575e-05,0.007294440170822692
21,fut_100m_7_av_10kHz_BW_FBM_series_02__start-20260323_175928__run-21.csv,-101.78750900839188,0.0022626643689771376,0.006933754019645223,5.089375450419594e-05,0.007293777143965432
22,fut_100m_7_av_10kHz_BW_FBM_series_02__start-20260323_181007__run-22.csv,-101.78763587565243,0.002253661610462714,0.006933762661829185,5.089381793782621e-05,0.007290997564514352
23,fut_100m_7_av_10kHz_BW_FBM_series_02__start-20260323_182048__run-23.csv,-101.78718610954863,0.002257376158397182,0.006933732023811215,5.089359305477431e-05,0.007292117460404708
24,fut_100m_7_av_10kHz_BW_FBM_series_02__start-20260323_183117__run-24.csv,-101.78708378962266,0.0022555164316382667,0.00693372505378901,5.089354189481133e-05,0.00729153534226765
25,fut_100m_7_av_10kHz_BW_FBM_series_02__start-20260323_184154__run-25.csv,-101.78995092597546,0.0022783733106613744,0.006933920362804868,5.0894975462987726e-05,0.0072988236613156674
26,fut_100m_7_av_10kHz_BW_FBM_series_02__start-20260323_185236__run-26.csv,-101.79103606467473,0.002249525891793707,0.006933994282334791,5.089551803233736e-05,0.007289940589542388
27,fut_100m_7_av_10kHz_BW_FBM_series_02__start-20260323_190304__run-27.csv,-101.78635807272083,0.002297751826712153,0.006933675618032755,5.089317903636041e-05,0.007304663657481662
28,fut_100m_7_av_10kHz_BW_FBM_series_02__start-20260323_191333__run-28.csv,-101.7856993930192,0.002305019420168666,0.00693363074884327,5.08928496965096e-05,0.007306910425809927
29,fut_100m_7_av_10kHz_BW_FBM_series_02__start-20260323_192405__run-29.csv,-101.78531856651504,0.0023059708785961616,0.006933604806983314,5.089265928325752e-05,0.007307186009342077
30,fut_100m_7_av_10kHz_BW_FBM_series_02__start-20260323_193439__run-30.csv,-101.78512663290837,0.002306084384471582,0.006933591732486946,5.0892563316454186e-05,0.0073072094231735225
